a	good	1094
a	nice	511
a	little	252
a	very	210
a	great	140
a	few	136
a	man	132
a	most	69
a	long	66
a	small	63
a	large	55
a	moment	47
a	woman	46
a	young	44
a	word	43
a	low	35
a	day	33
a	short	32
a	year	31
a	letter	30
a	week	30
a	minute	27
a	heart	25
a	more	23
abhorrence	of	2
abhorrent	to	2
able	to	87
able	the	2
abode	and	2
abode	in	2
abode	with	2
abominable	pride	2
abominably	rude	2
abound	in	2
about	that	508
about	the	72
about	it	60
about	her	23
about	a	18
about	in	15
about	to	14
about	this	13
about	him	12
about	and	10
about	his	10
about	them	9
about	me	8
about	as	7
about	for	6
about	half	6
about	mr	6
about	my	6
about	three	6
about	with	6
about	two	5
about	ten	4
about	five	3
about	four	3
above	the	14
above	all	10
above	her	3
above	an	2
above	half	2
above	them	2
abroad	it	2
absence	of	7
absence	before	2
absence	from	2
absence	had	2
absence	i	2
absolute	secrecy	3
absolute	darkness	2
absolute	imbecile	2
absolutely	necessary	4
absolutely	certain	3
absolutely	clear	2
absolutely	impossible	2
absolutely	resolved	2
absolutely	true	2
absurd	i	2
absurd	to	2
abuse	your	2
abusing	you	2
abutted	on	2
accept	it	5
accept	the	3
accept	him	2
accept	my	2
acceptable	to	4
acceptable	as	2
acceptance	of	4
accepted	him	3
accepted	their	2
accepted	with	2
accident	i	2
accidentally	in	4
accompanied	by	5
accompanied	him	4
accompanied	her	2
accompany	her	2
accompanying	them	2
accomplishment	of	2
according	to	10
account	of	33
account	for	9
account	as	2
account	she	2
account	that	2
accounting	for	4
accounts	for	2
accounts	of	2
accuse	him	3
accused	of	3
accustomed	to	6
acknowledge	that	4
acknowledge	to	2
acknowledged	that	3
acknowledged	to	3
acknowledged	and	2
acknowledged	the	2
acknowledgment	of	2
acquaintance	with	10
acquaintance	and	6
acquaintance	of	5
acquaintance	are	3
acquaintance	i	3
acquaintance	in	3
acquaintance	the	3
acquaintance	mrs	2
acquaintance	so	2
acquaintance	to	2
acquaintance	was	2
acquaintance	yes	2
acquainted	with	20
acres	of	2
across	the	32
across	and	4
across	at	4
across	it	4
across	to	4
across	his	3
across	from	2
act	of	4
act	in	3
act	as	2
action	for	2
actions	may	2
actions	were	2
actually	been	2
actually	seen	2
acute	and	2
adapted	to	2
add	that	3
add	a	2
add	something	2
add	to	2
added	the	14
added	in	10
added	that	9
added	to	8
added	i	6
added	as	4
added	but	3
added	he	3
added	and	2
added	charlotte	2
added	it	2
added	kitty	2
added	so	2
added	what	2
added	when	2
added	with	2
added	you	2
adding	that	2
addition	to	9
address	and	3
address	that	3
address	you	3
address	he	2
address	in	2
address	me	2
address	no	2
address	of	2
address	which	2
addressed	her	3
addressed	to	3
addressed	a	2
addressed	himself	2
addressed	the	2
adieu	to	2
adler	papers	2
admiration	of	10
admiration	and	3
admiration	it	2
admiration	the	2
admiration	to	2
admire	the	5
admire	and	3
admire	her	3
admired	her	3
admired	and	2
admit	of	2
admit	that	2
admitted	into	3
admitted	at	2
admitted	to	2
advance	to	2
advance	twice	2
advantage	of	14
advantage	to	5
advantage	she	3
advantage	and	2
advantage	as	2
advantage	in	2
advantage	the	2
advantages	of	5
advantages	and	3
advantages	in	2
adventure	of	15
adventures	of	3
advice	and	7
advice	i	4
advice	to	3
advice	which	3
advice	from	2
advice	in	2
advisable	for	2
advisable	to	2
advise	you	10
advise	me	2
advised	her	2
adviser	and	2
affability	and	2
affair	and	3
affair	of	3
affair	when	2
affair	which	2
affairs	i	2
affairs	in	2
affectation	and	2
affected	by	6
affection	for	15
affection	and	9
affection	could	3
affection	of	3
affection	but	2
affection	it	2
affection	she	2
affection	to	2
affection	was	2
affection	with	2
affectionate	and	4
affectionate	smile	3
affectionate	heart	2
affectionate	mother	2
affections	and	2
affinity	to	2
afford	to	3
afford	it	2
afford	some	2
afraid	of	32
afraid	that	15
afraid	i	7
afraid	you	7
afraid	but	3
afraid	he	3
afraid	and	2
afraid	for	2
afraid	said	2
afraid	so	2
afraid	the	2
afraid	to	2
after	a	58
after	the	57
after	all	39
after	her	20
after	that	10
after	this	10
after	breakfast	9
after	his	9
after	my	8
after	their	8
after	i	7
after	it	7
after	sitting	7
after	an	5
after	dinner	5
after	they	5
after	which	5
after	day	4
after	listening	4
after	some	4
after	them	4
after	we	4
after	he	3
after	him	3
afternoon	and	4
afternoon	i	3
afternoon	he	2
afternoon	so	2
afternoon	the	2
afterwards	the	4
afterwards	said	3
afterwards	and	2
afterwards	at	2
afterwards	from	2
afterwards	i	2
afterwards	it	2
afterwards	she	2
afterwards	to	2
again	and	58
again	i	32
again	to	18
again	in	17
again	the	14
again	he	13
again	she	11
again	so	10
again	but	9
again	for	9
again	you	7
again	before	6
again	with	6
again	as	5
again	by	5
again	of	5
again	on	5
again	then	5
again	when	5
again	at	4
again	if	4
again	said	4
again	they	4
again	until	4
against	the	51
against	him	15
against	a	5
against	my	4
against	herself	3
against	his	3
against	it	3
against	such	3
against	you	3
against	your	3
against	any	2
against	her	2
against	me	2
against	mr	2
against	them	2
against	this	2
against	whom	2
age	i	5
age	and	3
age	with	3
age	but	2
age	of	2
agency	and	2
agency	for	2
agitation	then	2
ago	i	12
ago	and	9
ago	to	5
ago	she	2
ago	the	2
ago	would	2
agony	column	2
agony	of	2
agree	with	509
agreeable	to	9
agreeable	and	3
agreeable	man	3
agreeable	as	2
agreeable	but	2
agreeable	manner	2
agreeable	surprise	2
agreed	to	7
agreed	with	3
agreed	that	2
ah	said	6
ah	yes	6
ah	but	3
ah	i	2
ah	of	2
ah	that	2
ah	watson	2
ah	you	2
aid	of	3
air	and	21
air	of	21
air	was	5
air	as	3
air	until	3
air	but	2
air	more	2
air	that	2
air	which	2
air	with	2
air	without	2
akin	to	3
alarm	and	5
alarm	i	2
alarm	of	2
alarming	you	2
alas	the	3
alas	i	2
alas	it	2
albert	chain	2
alice	and	20
alice	was	17
alice	as	12
alice	had	12
alice	thought	12
alice	could	11
alice	said	11
alice	did	10
alice	in	9
alice	replied	9
alice	to	9
alice	i	8
alice	looked	8
alice	began	7
alice	a	6
alice	very	6
alice	who	6
alice	but	5
alice	felt	5
alice	it	5
alice	she	5
alice	the	5
alice	went	5
alice	why	5
alice's	evidence	2
alice's	shoulder	2
alive	and	5
alive	i	3
all	the	246
all	that	82
all	her	52
all	this	49
all	his	40
all	i	36
all	my	31
all	and	29
all	about	23
all	in	22
all	over	21
all	of	20
all	to	20
all	right	18
all	their	17
all	these	16
all	day	14
all	was	14
all	but	13
all	he	12
all	round	12
all	were	12
all	is	11
all	said	11
allen	chapter	13
allen	oh	2
allen	the	2
allow	me	13
allow	her	3
allow	him	3
allow	it	3
allow	that	3
allow	and	2
allow	their	2
allow	you	2
allowance	and	2
allowed	to	12
allowed	her	6
allowed	him	4
allowed	me	2
allowed	the	2
allowing	for	3
alluded	to	5
alluded	as	2
allusion	to	8
allusions	to	2
almost	as	13
almost	every	8
almost	all	4
almost	to	3
almost	anything	2
almost	certain	2
almost	entirely	2
almost	have	2
almost	incredible	2
almost	out	2
almost	wish	2
alone	and	7
alone	i	6
alone	in	4
alone	she	4
alone	the	4
alone	could	3
alone	he	3
alone	with	3
alone	can	2
alone	had	2
alone	have	2
alone	mary	2
alone	my	2
alone	than	2
alone	when	2
along	the	20
along	and	4
along	he	3
along	beside	2
along	in	2
along	that	2
along	with	2
aloud	and	2
aloud	i	2
aloud	mrs	2
aloud	to	2
alpha	inn	2
already	been	4
already	heard	4
already	said	4
already	a	3
already	had	3
already	in	3
already	arisen	2
already	arrived	2
already	i	2
already	made	2
already	that	2
already	written	2
also	a	7
also	and	7
also	that	5
also	in	4
also	with	4
also	for	3
also	from	3
also	of	3
also	the	3
also	to	3
also	by	2
also	he	2
also	i	2
also	no	2
also	so	2
also	there	2
also	very	2
also	was	2
alteration	for	2
alteration	of	2
altered	by	2
although	he	9
although	they	4
although	i	3
although	the	3
although	it	2
although	there	2
altogether	i	2
always	be	9
always	been	7
always	so	7
always	to	7
always	the	5
always	a	3
always	as	3
always	at	3
always	glad	3
always	ready	3
always	very	3
always	are	2
always	carried	2
always	felt	2
always	giving	2
always	hated	2
always	have	2
always	laughed	2
always	liked	2
always	loved	2
always	of	2
always	say	2
always	seen	2
always	speak	2
am	sorry	516
am	happy	503
am	fine	500
am	working	500
am	sure	93
am	not	55
am	afraid	33
am	i	24
am	a	22
am	very	19
am	glad	16
am	going	16
am	in	14
am	so	12
am	convinced	10
am	much	9
am	now	9
am	the	9
am	quite	8
am	to	8
am	inclined	7
am	all	6
am	only	6
am	oz	6
amazed	at	4
amazement	and	4
amends	for	2
america	with	2
amiable	and	4
amiable	as	3
amiable	but	2
amiable	charlotte	2
amiable	light	2
amiable	man	2
amiable	qualifications	2
amiable	you	2
amid	the	10
amid	his	2
amiss	if	2
among	the	46
among	his	9
among	them	7
among	her	4
among	us	3
among	themselves	2
among	those	2
amount	of	3
amount	to	2
amply	repaid	2
amuse	her	3
amuse	myself	3
amused	by	2
amused	in	2
amusement	and	3
amusement	but	2
an	hour	46
an	instant	28
an	old	27
an	end	22
an	excellent	15
an	air	13
an	invitation	11
an	answer	9
an	idea	9
an	object	9
an	opportunity	9
an	offer	8
an	estate	7
an	evil	7
an	opinion	7
an	account	6
an	american	6
an	amiable	6
an	evening	6
an	explanation	6
an	expression	6
an	hour's	6
an	interest	6
an	acquaintance	5
analysis	of	2
ancient	and	2
and	the	617
and	paste	500
and	i	407
and	she	214
and	a	196
and	then	195
and	that	179
and	he	153
and	his	122
and	her	121
and	as	118
and	was	115
and	it	101
and	to	101
and	in	97
and	they	90
and	so	89
and	when	86
and	there	74
and	we	72
and	if	70
and	of	69
and	yet	69
and	you	66
android	keyboard	500
angel	i	3
angel	and	2
anger	and	3
anger	against	2
angle	of	5
angry	and	7
angry	at	4
angry	to	4
angry	that	3
angry	with	3
angry	tone	2
animals	and	3
animals	of	2
animals	that	2
animated	language	3
animation	to	2
announced	the	2
annoyed	at	2
annual	sum	2
another	of	6
another	word	6
another	and	5
another	moment	5
another	man	4
another	minute	3
another	young	3
another	corner	2
another	day	2
another	for	2
another	instant	2
another	little	2
another	motive	2
another	mr	2
another	question	2
another	reason	2
another	to	2
another	vacancy	2
another	way	2
another	who	2
another	woman	2
answer	and	14
answer	to	12
answer	but	6
answer	she	5
answer	for	4
answer	he	3
answer	so	3
answer	you	3
answer	could	2
answer	her	2
answer	holmes	2
answer	i	2
answer	than	2
answer	the	2
answer	without	2
answer	your	2
answerable	for	2
answered	the	44
answered	i	8
answered	oz	8
answered	but	6
answered	it	6
answered	and	5
answered	dorothy	5
answered	that	5
answered	her	4
answered	with	4
answered	me	3
answered	my	3
answered	oh	3
answered	only	3
answered	all	2
answered	earnestly	2
answered	glancing	2
answered	he	2
answered	him	2
answered	holmes	2
answered	in	2
answered	laughing	2
answered	mrs	2
answered	then	2
answering	the	2
anticipating	the	2
anxiety	for	4
anxiety	to	4
anxiety	but	2
anxiety	on	2
anxious	to	18
anxious	for	3
anxious	that	3
anxious	look	2
anxiously	at	3
anxiously	about	2
anxiously	into	2
anxiously	round	2
any	of	47
any	other	46
any	rate	19
any	more	14
any	man	7
any	such	7
any	one	6
any	way	6
any	intention	5
any	reply	5
any	sort	5
any	young	5
any	little	4
any	longer	4
any	message	4
any	particular	4
any	place	4
any	possible	4
any	time	4
any	alarm	3
any	answer	3
any	attention	3
any	brains	3
any	case	3
anybody	who	4
anybody	else	3
anybody	and	2
anybody	at	2
anybody	i	2
anyone	else	10
anyone	but	5
anyone	could	4
anyone	to	4
anyone	who	4
anyone	and	2
anyone	in	2
anyone	of	2
anyone	so	2
anyone	that	2
anything	of	15
anything	else	11
anything	to	11
anything	but	9
anything	about	7
anything	so	7
anything	that	7
anything	which	7
anything	i	6
anything	more	6
anything	you	6
anything	and	3
anything	extraordinary	3
anything	for	3
anything	had	3
anything	he	3
anything	at	2
anything	better	2
anything	could	2
anything	elizabeth	2
anything	in	2
anything	like	2
anything	rather	2
anything	very	2
apologize	for	4
apologizing	for	2
apology	for	4
apology	to	4
apothecary	came	3
appear	to	17
appear	at	4
appear	and	2
appear	in	2
appear	that	2
appearance	of	19
appearance	and	3
appearance	at	3
appearance	but	2
appeared	to	23
appeared	and	6
appeared	very	3
appeared	again	2
appeared	at	2
appeared	but	2
appeared	i	2
appeared	in	2
appeared	on	2
appeared	with	2
appears	to	12
appears	that	3
appears	as	2
application	and	3
application	was	3
application	for	2
applied	to	9
apply	for	3
apply	to	2
applying	to	3
appointment	with	3
apprehension	of	6
apprehension	and	2
approach	of	3
approach	and	2
approach	him	2
approached	the	4
approached	and	2
approached	by	2
approached	to	2
approaching	and	3
approaching	marriage	2
approaching	the	2
approaching	them	2
approbation	of	2
approve	of	3
approved	his	2
are	you	1579
are	going	514
are	welcome	501
are	not	58
are	the	43
are	all	32
are	very	26
are	to	23
are	a	19
are	so	17
are	in	15
are	they	14
are	too	9
are	and	8
are	i	8
are	no	8
are	on	8
are	quite	8
are	really	8
are	good	7
are	never	7
are	now	7
are	several	7
are	mistaken	6
argument	was	3
argument	with	3
arguments	to	2
arise	in	2
arisen	from	2
arising	from	3
arm	and	6
arm	in	3
arm	of	3
arm	to	3
arm	with	3
arm	that	2
armchair	and	6
arms	and	22
arms	folded	4
arms	of	3
arms	round	3
arms	the	2
army	and	2
arose	to	3
around	the	11
around	him	5
around	her	4
around	and	3
around	as	3
around	in	3
around	it	3
around	them	3
around	toto's	3
around	his	2
around	so	2
aroused	your	2
arrangement	he	2
arrangement	of	2
arrangements	which	2
arrest	of	2
arrested	it	3
arrested	and	2
arrival	of	9
arrival	at	4
arrival	in	4
arrival	was	4
arrival	but	2
arrival	that	2
arrive	at	2
arrived	i	3
arrived	in	3
arrived	and	2
arrived	ha	2
arrived	on	2
arrived	so	2
arrived	the	2
arrived	upon	2
art	of	3
art	and	2
arthur	in	2
arthur	who	2
article	of	3
artificial	intelligence	500
as	to	198
as	i	197
as	she	189
as	he	159
as	the	128
as	a	113
as	they	100
as	it	97
as	well	94
as	soon	84
as	you	80
as	if	72
as	much	69
as	we	62
as	possible	43
as	far	38
as	for	30
as	this	28
as	good	27
as	ever	26
as	her	26
as	his	26
as	long	24
as	an	18
ascended	the	3
ashamed	of	20
ashamed	to	3
aside	her	2
aside	the	2
ask	you	12
ask	for	8
ask	him	8
ask	me	5
ask	the	4
ask	them	4
ask	to	4
ask	whether	4
ask	his	3
ask	it	3
ask	oz	3
ask	a	2
ask	her	2
ask	i	2
ask	mrs	2
ask	my	2
ask	questions	2
ask	said	2
ask	what	2
asked	the	57
asked	dorothy	27
asked	her	12
asked	holmes	12
asked	in	8
asked	him	7
asked	to	7
asked	for	6
asked	i	6
asked	me	6
asked	no	5
asked	what	5
asked	it	4
asked	not	4
asked	why	4
asked	with	4
asked	yes	4
asked	a	3
asked	as	3
asked	oh	3
asked	oz	3
asked	sherlock	3
asked	that	3
asked	you	3
asking	him	5
asking	me	3
asking	riddles	2
asking	you	2
asking	your	2
asleep	and	4
asleep	in	3
asleep	with	3
asleep	after	2
asleep	again	2
asleep	i	2
assemblies	and	2
assert	that	5
assist	him	2
assist	his	2
assist	mr	2
assistance	in	4
assistance	of	3
assistance	to	3
assistance	and	2
assistance	as	2
assistance	i	2
assistant	and	2
assistant	was	2
assisted	by	3
assizes	i	3
associated	with	3
assurance	of	6
assurance	in	2
assurances	of	5
assure	you	37
assure	him	3
assure	her	2
assure	the	2
assure	us	2
assured	her	14
assured	him	5
assured	that	5
assured	of	2
assuring	them	2
astonished	and	3
astonished	at	3
astonished	me	2
astonished	to	2
astonishment	was	6
astonishment	at	5
astonishment	and	3
astonishment	a	2
astonishment	as	2
astonishment	that	2
astonishment	the	2
astonishment	when	2
at	home	539
at	work	513
at	the	463
at	all	143
at	last	104
at	once	99
at	least	81
at	her	75
at	first	56
at	his	51
at	a	50
at	this	45
at	my	33
at	that	33
at	it	32
at	present	32
at	any	30
at	length	29
at	me	27
at	him	24
at	one	23
at	such	20
at	night	18
at	them	12
ate	a	5
ate	and	2
ate	some	2
atom	of	2
atone	for	3
attached	to	11
attachment	to	8
attachment	and	3
attachment	as	2
attachment	had	2
attacked	by	3
attacked	it	2
attempt	to	22
attempt	at	5
attempt	of	2
attempted	to	5
attempting	to	5
attempts	at	2
attempts	of	2
attend	to	4
attend	her	2
attendance	and	2
attendant	at	2
attended	to	12
attended	her	7
attended	them	2
attending	to	5
attending	it	2
attending	them	2
attention	to	17
attention	was	8
attention	of	7
attention	and	6
attention	the	5
attention	he	4
attention	for	3
attention	which	3
attention	while	3
attention	a	2
attention	at	2
attention	i	2
attention	in	2
attention	or	2
attention	your	2
attentions	to	9
attentions	and	2
attentions	of	2
attentions	proceed	2
attentions	were	2
attentions	which	2
attentive	and	4
attentive	to	3
attentively	and	2
attorney	in	2
attracted	by	4
attributed	to	3
aunt	em	23
aunt	and	9
aunt	philips	4
aunt	that	4
aunt	as	3
aunt	she	3
aunt	at	2
aunt	but	2
aunt	copyright	2
aunt	had	2
aunt	it	2
aunt	now	2
aunt	of	2
aunt	than	2
aunt	to	2
aunt	told	2
aunt	were	2
aunt	when	2
aunt	who	2
aunt	would	2
austen	has	3
austen	was	3
austen	with	2
australia	and	2
authority	of	2
avenue	it	2
averse	to	5
aversion	to	3
avoid	the	5
avoid	a	3
avoid	her	2
avoid	it	2
avoided	the	2
avowal	of	3
awakened	by	4
aware	that	12
aware	of	8
away	from	36
away	with	25
away	and	24
away	to	21
away	the	15
away	but	10
away	by	9
away	without	9
away	i	8
away	as	7
away	in	7
away	at	6
away	into	6
away	when	6
away	like	5
away	we	5
away	again	4
away	for	4
away	mrs	4
away	through	4
away	all	3
away	he	3
away	her	3
away	it	3
awe	of	3
awed	by	2
awkward	pause	2
awoke	the	3
baby	the	3
baby	was	2
back	to	101
back	and	23
back	in	20
back	again	17
back	into	16
back	with	9
back	the	8
back	a	6
back	by	6
back	of	6
back	before	5
back	i	5
back	at	4
back	it	4
back	but	3
back	from	3
back	his	3
back	my	3
back	on	3
back	she	3
back	so	3
back	yard	3
back	for	2
back	he	2
backed	novel	2
backward	and	4
bad	and	3
bad	as	3
bad	said	3
bad	wizard	3
bad	cold	2
bad	day	2
bad	enough	2
bade	her	2
bade	him	2
bade	me	2
badly	that	2
bag	as	2
bag	in	2
baker	street	29
baker	is	2
baker	who	2
ball	of	8
ball	and	7
ball	at	3
ball	room	3
ball	to	3
ball	was	3
ball	he	2
ball	oh	2
ball	she	2
ball	what	2
balloon	was	4
balloon	and	2
balls	and	3
balls	of	2
band	of	5
band	the	2
bank	and	2
bank	director	2
bank	the	2
bank	to	2
banker	with	2
banks	and	3
banks	of	2
bar	of	5
bar	then	2
bark	at	2
bark	of	2
barred	tail	3
bars	of	3
basket	and	6
basket	chair	3
basket	for	3
basket	to	3
basket	with	3
bath	and	2
battered	and	2
battle	with	2
be	a	116
be	the	88
be	in	65
be	so	61
be	of	44
be	very	38
be	done	35
be	able	34
be	as	30
be	no	30
be	sure	27
be	at	24
be	happy	23
be	more	22
be	an	21
be	married	19
be	to	18
be	said	17
be	found	16
be	quite	16
be	seen	15
be	some	15
be	for	14
be	too	12
bear	to	11
bear	the	7
bear	so	2
bear	upon	2
bearing	upon	3
bears	and	3
bears	upon	3
beast	in	3
beast	had	2
beast	was	2
beast	when	2
beasts	in	3
beasts	as	2
beasts	of	2
beasts	with	2
beat	the	3
beat	fast	2
beat	him	2
beat	his	2
beat	them	2
beating	upon	2
beauties	and	2
beauties	of	2
beautiful	soup	8
beautiful	and	6
beautiful	country	4
beautiful	green	4
beautiful	creature	3
beautiful	beautiful	2
beautiful	but	2
beautiful	city	2
beautiful	garden	2
beautiful	i	2
beautiful	place	2
beautiful	woman	2
beautifully	carved	2
beauty	and	6
beauty	i	4
beauty	of	3
beauty	but	2
beauty	he	2
beauty	in	2
beauty	mrs	2
became	a	13
became	of	4
became	his	3
became	quite	3
became	as	2
became	at	2
became	engaged	2
became	her	2
became	known	2
became	so	2
became	the	2
became	vacant	2
because	i	19
because	he	18
because	you	14
because	it	11
because	she	7
because	there	6
because	they	6
because	the	5
because	if	4
because	of	4
because	her	2
because	i'm	2
because	we	2
because	with	2
become	of	14
become	a	3
become	the	2
becomes	the	3
becomes	a	2
bed	and	12
bed	in	7
bed	the	5
bed	a	4
bed	it	3
bed	of	3
bed	from	2
bed	to	2
bed	was	2
bedroom	and	4
bedroom	window	3
been	a	42
been	so	31
been	in	29
been	the	22
been	at	16
been	to	16
been	very	16
been	able	12
been	made	10
been	of	10
been	here	9
been	his	9
been	more	9
been	there	8
been	too	8
been	used	8
been	brought	7
been	given	7
been	always	6
been	an	6
been	concerned	6
been	cut	6
been	done	6
been	good	6
bees	and	2
bees	came	2
bees	cannot	2
before	the	51
before	he	34
before	i	34
before	she	33
before	and	25
before	they	25
before	her	22
before	them	21
before	you	18
before	we	14
before	but	12
before	it	8
before	us	8
before	him	7
before	his	7
before	my	6
before	said	6
before	that	6
before	this	6
before	any	5
before	me	5
before	as	4
before	now	4
before	a	3
beg	that	13
beg	your	11
beg	pardon	3
beg	you	3
beg	for	2
beg	leave	2
began	to	76
began	in	11
began	the	6
began	again	4
began	it	4
began	by	3
began	talking	3
began	alice	2
began	an	2
began	and	2
began	as	2
began	on	2
began	running	2
began	thinking	2
began	walking	2
began	with	2
beggar	and	2
begged	him	2
begged	the	2
begged	to	2
begging	in	2
begin	to	6
begin	with	5
begin	at	2
begin	said	2
begin	the	2
beginning	to	13
beginning	of	5
beginning	from	3
beginning	but	2
beginning	the	2
beginning	with	2
begins	to	4
begins	with	4
begun	to	9
begun	my	2
behaved	in	3
behind	him	13
behind	me	10
behind	it	8
behind	the	8
behind	a	7
behind	and	6
behind	her	6
behind	them	4
behind	us	3
behind	he	2
behind	his	2
behind	that	2
behind	this	2
behind	which	2
behind	while	2
behind	you	2
beholding	it	2
being	in	18
being	a	15
being	the	10
being	so	9
being	able	7
being	at	4
being	made	4
being	married	4
being	now	4
being	rather	4
being	satisfied	4
being	such	4
being	all	3
being	an	3
being	carried	3
being	found	3
being	gone	3
being	heard	3
being	seen	3
being	settled	3
being	admitted	2
being	agreeable	2
being	allowed	2
being	fully	2
belief	of	8
belief	that	7
believe	that	22
believe	it	14
believe	i	11
believe	me	11
believe	him	5
believe	in	5
believe	he	4
believe	her	4
believe	the	4
believe	you	4
believe	a	3
believe	been	3
believe	she	3
believe	by	2
believe	herself	2
believe	mr	2
believe	my	2
believe	said	2
believe	there	2
believe	there's	2
believe	to	2
believe	we	2
believe	your	2
believed	it	7
believed	that	5
believed	him	4
believed	her	3
believed	to	3
believed	and	2
believed	myself	2
believed	she	2
believing	that	5
believing	her	2
believing	it	2
bell	and	7
bell	pull	5
bell	rope	5
bell	i	3
belong	to	6
belonged	to	7
belonging	to	3
belongs	to	8
beloved	sister	2
below	and	4
below	her	2
belt	of	2
bend	of	2
bending	forward	2
beneath	my	2
beneath	the	2
benefit	of	2
benefited	by	3
bent	down	3
bent	his	3
bent	over	3
bent	her	2
bent	on	2
beryl	coronet	3
beryls	in	2
beside	the	21
beside	him	10
beside	her	7
beside	his	2
beside	it	2
besides	it	5
besides	the	4
besides	all	2
besides	i	2
besides	there	2
besides	they	2
besides	we	2
besides	what	2
best	of	11
best	and	7
best	to	4
best	way	4
best	in	3
best	thing	3
best	butter	2
best	could	2
best	for	2
best	friend	2
best	method	2
best	plan	2
best	pleased	2
best	possible	2
best	that	2
bestow	it	2
bestow	on	2
bestowed	on	3
better	than	15
better	not	10
better	to	7
better	of	6
better	but	5
better	for	5
better	go	4
better	i	4
better	it	4
better	able	3
better	acquainted	3
better	and	3
better	have	3
better	now	3
better	she	3
better	that	3
better	the	3
better	finish	2
better	his	2
better	if	2
better	man	2
better	said	2
better	satisfied	2
better	sense	2
between	the	38
between	them	16
between	two	8
between	us	8
between	him	6
between	her	5
between	his	5
between	mr	5
between	my	3
between	a	2
between	elizabeth	2
between	herself	2
between	nine	2
between	our	2
between	ourselves	2
between	that	2
between	this	2
between	yourself	2
beyond	the	13
beyond	a	4
beyond	my	4
beyond	anything	3
beyond	that	3
beyond	their	3
beyond	expression	2
beyond	her	2
beyond	it	2
beyond	them	2
beyond	youth	2
big	and	4
big	as	4
big	head	3
big	tree	3
big	beast	2
big	gate	2
big	room	2
big	throne	2
big	white	2
big	yellow	2
bigger	than	4
bigger	and	2
biggest	of	2
bill	i	2
bill	the	2
bill's	got	2
bird	i	4
bird	and	2
bird	we	2
bird	which	2
birds	and	5
birds	with	2
bit	of	13
bit	said	4
bit	her	2
bite	him	2
bite	the	2
bitterness	of	3
black	frock	5
black	bees	3
black	eyes	3
black	hair	3
black	horse	3
black	and	2
black	clay	2
black	hat	2
black	muzzle	2
black	swan	2
black	veil	2
black	with	2
blame	me	3
blame	on	3
blame	i	2
blame	you	2
blasts	on	2
bless	you	4
blessed	with	2
blew	three	3
blew	upon	2
blind	to	3
blinded	by	3
blinds	and	2
block	of	3
blocked	with	2
blood	in	2
blood	was	2
blotting	paper	2
blow	fell	3
blow	does	2
blow	of	2
blow	was	2
blow	with	2
blows	of	2
blue	carbuncle	6
blue	and	5
blue	smoke	3
blue	was	3
blue	coat	2
blue	dress	2
blue	in	2
blue	it	2
blue	stone	2
blunt	pen	2
blunt	weapon	2
blushed	again	2
blushed	and	2
board	of	2
boast	of	4
boast	and	2
boast	for	2
bodies	like	2
body	and	9
body	of	4
body	but	2
body	had	2
body	is	2
body	to	2
body	was	2
bohemia	i	3
bohemia	and	2
bold	enough	2
bonnet	and	2
book	and	11
book	but	3
book	as	2
book	he	2
book	it	2
book	which	2
books	and	8
books	were	3
books	in	2
books	of	2
books	she	2
boone	had	2
boots	and	7
boots	had	3
boots	which	3
boots	i	2
boots	with	2
border	of	2
bordering	on	3
bore	it	5
bore	the	2
bore	with	2
bore	you	2
born	in	5
borne	the	2
both	of	13
both	sides	6
both	i	4
both	in	4
both	the	4
both	to	4
both	with	4
both	as	3
both	he	3
both	sat	3
both	and	2
both	be	2
both	cried	2
both	feet	2
both	him	2
both	his	2
both	illustration	2
both	my	2
both	pleased	2
both	replied	2
both	said	2
both	sisters	2
both	ways	2
bottle	of	2
bottle	was	2
bottom	of	11
bought	a	2
bought	this	2
bound	to	6
boundary	on	2
bow	and	8
bow	street	2
bow	to	2
bowed	and	6
bowed	low	6
bowed	as	2
bowed	shoulders	2
bowl	of	2
box	and	8
box	of	4
box	now	2
box	there	2
box	which	2
boxed	the	2
boy	and	5
boy	had	2
boy	in	2
boy	to	2
boys	were	3
brain	but	2
brain	is	2
brains	and	7
brains	i	6
brains	in	4
brains	said	4
brains	to	3
brains	added	2
brains	are	2
brains	as	2
brains	asked	2
brains	at	2
brains	the	2
brains	you	2
branch	of	4
branch	and	2
branches	and	4
branches	of	3
branches	that	2
brandy	and	3
brass	box	4
brave	as	3
brave	for	2
breach	of	3
bread	and	9
break	it	4
break	away	2
break	her	2
break	in	2
break	the	2
breakfast	room	10
breakfast	and	7
breakfast	table	4
breakfast	the	4
breakfast	a	2
breakfast	had	2
breakfast	in	2
breakfast	was	2
breakfast	with	2
breaking	the	3
breaking	up	2
breast	and	4
breath	and	5
breath	of	4
breath	to	3
breathing	in	2
breathing	of	2
bred	than	2
breeding	and	2
brick	and	2
bricks	it	2
bride	and	3
bridge	and	2
briefly	these	2
bright	as	4
bright	flowers	4
bright	and	3
bright	red	3
bright	idea	2
bright	morning	2
bright	sunshine	2
brightened	up	2
brighter	and	2
brightly	and	2
brightly	colored	2
brightly	in	2
brighton	and	2
brighton	i	2
brighton	with	2
brilliant	reasoning	2
brimmed	hat	3
bring	him	7
bring	me	5
bring	it	4
bring	the	3
bring	them	3
bring	you	3
bring	a	2
bring	an	2
bring	his	2
bring	home	2
bring	some	2
bringing	forward	3
bringing	the	3
bringing	me	2
bringing	on	2
brink	of	2
brisk	and	2
bristol	and	3
broad	brimmed	3
broad	and	2
broad	river	2
broke	out	4
broke	into	3
broke	off	3
broke	the	3
broken	glass	3
broken	only	3
broken	the	3
broken	her	2
broken	off	2
broken	up	2
brook	and	3
brother	and	13
brother	is	6
brother	in	4
brother	he	3
brother	was	3
brother	but	2
brother	i	2
brother	of	2
brother	said	2
brother	to	2
brother	very	2
brother's	being	2
brought	up	12
brought	a	8
brought	her	6
brought	in	6
brought	it	5
brought	on	5
brought	the	5
brought	him	4
brought	me	4
brought	them	4
brought	back	3
brought	out	3
brought	to	3
brought	with	3
brought	away	2
brought	before	2
brought	forward	2
brought	round	2
brought	together	2
brought	us	2
brought	you	2
brown	gaiters	2
bucket	of	4
building	in	2
building	the	2
built	a	2
built	and	2
built	of	2
bulged	out	2
bulky	boxes	2
bundle	of	3
buried	in	5
burned	fiercely	2
burned	the	2
burning	with	2
burst	into	4
burst	forth	3
burst	of	2
burst	out	2
bushy	whiskers	2
busily	engaged	2
business	of	10
business	to	7
business	as	5
business	he	5
business	was	5
business	with	5
business	and	4
business	at	4
business	but	3
business	for	3
business	has	3
business	in	3
business	it	3
business	on	3
business	the	3
business	there	3
business	which	3
business	a	2
business	already	2
business	came	2
business	had	2
business	matters	2
business	that	2
business	up	2
busy	at	2
busy	day	2
busy	to	2
busy	with	2
but	i	247
but	the	168
but	it	117
but	she	98
but	he	87
but	you	61
but	if	44
but	when	41
but	as	40
but	there	39
but	his	36
but	to	35
but	that	34
but	what	33
but	a	29
but	we	28
but	now	27
but	in	26
but	they	25
but	my	23
but	her	21
but	no	21
but	this	21
but	at	19
butt	end	2
butter	and	2
buttoning	up	2
buy	the	2
buzzing	in	2
by	the	301
by	a	80
by	his	58
by	her	50
by	george	36
by	no	32
by	this	26
by	him	15
by	mr	15
by	their	15
by	all	14
by	any	14
by	my	14
by	your	14
by	an	12
by	such	12
by	it	11
by	some	11
by	mrs	10
by	that	10
by	which	10
by	herself	8
by	miss	8
by	one	8
bye	and	11
bye	good	3
bye	to	3
bye	she	2
c	that	2
cab	and	10
cab	to	2
cake	and	2
cakes	and	2
calculated	to	2
call	it	13
call	the	10
call	him	7
call	upon	7
call	to	6
call	at	5
call	on	5
call	a	4
call	for	4
call	her	3
call	in	3
call	you	3
call	me	2
call	them	2
call	your	2
called	out	12
called	to	8
called	the	7
called	a	6
called	on	6
called	at	5
called	upon	5
called	for	4
called	him	4
called	after	3
called	and	3
called	us	3
called	away	2
called	her	2
called	in	2
called	it	2
called	oz	2
calling	for	2
calling	her	2
calling	loudly	2
calling	on	2
calling	out	2
calm	and	3
calmly	but	2
calmness	he	2
came	to	105
came	from	20
came	in	19
came	back	17
came	down	17
came	a	14
came	out	13
came	into	12
came	up	12
came	the	11
came	upon	11
came	and	8
came	near	7
came	running	7
came	home	5
came	for	4
came	here	4
came	on	4
came	right	4
came	away	3
came	flying	3
came	i	3
came	over	3
came	again	2
camp	and	2
can	you	537
can	do	520
can	i	520
can	we	505
can	help	504
can	be	47
can	have	20
can	hardly	19
can	only	12
can	never	11
can	get	10
can	see	10
can	it	9
can	tell	8
can	but	7
can	give	7
can	he	6
can	understand	6
can	find	5
can	imagine	5
can	and	4
can	assure	4
can	at	4
can	easily	4
can't	be	4
can't	remember	4
can't	get	3
can't	help	3
can't	think	3
can't	you	3
can't	explain	2
can't	have	2
can't	imagine	2
can't	take	2
candle	in	2
candle	is	2
cannot	be	32
cannot	tell	12
cannot	imagine	9
cannot	think	7
cannot	help	6
cannot	say	6
cannot	understand	6
cannot	bear	5
cannot	have	5
cannot	see	5
cannot	do	4
cannot	wonder	4
cannot	but	3
cannot	find	3
cannot	recall	3
cannot	afford	2
cannot	as	2
cannot	believe	2
cannot	blame	2
cannot	deny	2
cannot	escape	2
cannot	get	2
cannot	go	2
cannot	i	2
canvas	bag	2
cap	and	7
cap	she	3
cap	but	2
cap	had	2
cap	i	2
cap	replied	2
cap	which	2
capable	of	19
capital	one	3
capital	of	2
caps	and	2
captain	carter	4
carbuncle	i	2
carbuncle	which	2
card	table	4
card	tables	3
card	case	2
card	upon	2
cards	and	3
cards	she	2
care	of	19
care	to	10
care	for	7
care	about	6
care	and	5
care	my	2
care	not	2
care	whether	2
cared	for	3
cared	to	2
careful	examination	4
careful	to	4
careful	i	2
careful	not	2
carefully	and	6
carefully	examined	3
carefully	from	2
carefully	in	2
carefully	with	2
carelessness	of	2
cares	for	4
caroline	i	2
carriage	and	8
carriage	was	8
carriage	drove	4
carriage	to	4
carriage	came	3
carriage	said	2
carriage	she	2
carriage	stopped	2
carriage	the	2
carriages	and	2
carried	him	7
carried	the	6
carried	it	5
carried	on	5
carried	out	5
carried	away	4
carried	by	3
carried	them	3
carried	a	2
carried	her	2
carried	me	2
carried	to	2
carry	you	12
carry	her	3
carry	it	3
carry	my	3
carry	the	3
carry	us	3
carry	a	2
carry	me	2
carry	out	2
carry	that	2
carry	them	2
carry	with	2
carry	your	2
carrying	the	3
carrying	a	2
carrying	out	2
carrying	with	2
cart	at	2
case	of	20
case	i	12
case	and	10
case	is	9
case	it	7
case	as	5
case	he	5
case	in	5
case	you	5
case	has	4
case	there	4
case	to	4
case	before	3
case	but	3
case	the	3
case	we	3
case	with	3
case	against	2
case	for	2
case	from	2
case	however	2
case	into	2
case	said	2
case	was	2
cases	which	7
cases	and	2
cases	as	2
cases	between	2
cases	of	2
cast	down	3
cast	his	2
castle	where	6
castle	of	3
castle	and	2
cat	and	6
cat	i	3
cat	in	3
cat	said	3
cat's	head	2
catch	a	4
catch	the	3
catch	her	2
catch	him	2
catch	some	2
catch	their	2
catching	mice	2
caterpillar	well	4
caterpillar	alice	3
caterpillar	and	3
caterpillar	took	2
catherine	and	20
catherine	de	15
catherine	was	8
catherine	seemed	4
catherine	had	3
catherine	herself	3
catherine	i	3
catherine	is	3
catherine	said	3
catherine	she	3
catherine	that	3
catherine	to	3
catherine	very	2
catherine	who	2
catherine	would	2
catherine's	drawing	2
cats	eat	3
cats	if	2
caucus	race	4
caught	the	10
caught	a	6
caught	by	6
caught	in	5
caught	it	4
caught	him	2
caught	his	2
caught	toto	2
caught	up	2
cause	of	16
cause	and	5
cause	to	4
cause	him	2
cause	his	2
cause	you	2
caused	by	7
caused	me	3
caused	the	3
caused	some	2
causes	of	3
cautiously	replied	2
cease	to	3
ceased	to	8
ceased	speaking	2
ceiling	and	4
ceiling	was	2
cellar	the	2
censure	of	3
center	of	4
central	portion	2
ceremony	and	2
ceremony	of	2
certain	that	22
certain	it	5
certain	and	4
certain	he	3
certain	but	2
certain	event	2
certain	from	2
certain	neither	2
certain	of	2
certainly	not	14
certainly	be	6
certainly	was	6
certainly	have	5
certainly	said	5
certainly	shall	4
certainly	too	4
certainly	answered	3
certainly	but	3
certainly	did	3
certainly	do	3
certainly	if	3
certainly	is	3
certainly	the	3
certainly	to	3
certainly	a	2
certainly	am	2
certainly	and	2
certainly	get	2
certainly	he	2
certainly	i	2
certainly	no	2
certainly	sir	2
certainly	that	2
certainty	that	3
certainty	and	2
certainty	of	2
certainty	we	2
chagrin	and	2
chain	and	4
chain	of	3
chain	the	2
chair	and	20
chair	with	11
chair	up	3
chair	a	2
chair	as	2
chair	i	2
chair	in	2
chair	it	2
chair	you	2
chairman	of	2
chairs	and	3
chaise	and	2
chaise	into	2
chamber	in	2
chamber	of	2
chamber	was	2
chambers	in	2
chance	of	22
chance	to	6
chance	has	3
chance	as	2
chance	in	2
chanced	to	3
chancery	lane	2
change	the	507
change	in	7
change	of	7
change	my	3
change	was	3
change	as	2
change	but	2
change	her	2
change	his	2
change	lobsters	2
change	to	2
change	which	2
changed	his	4
changed	my	3
changed	for	2
changing	the	3
chapter	v	7
chapter	i	6
chapter	iv	6
chapter	vi	6
chapter	x	6
chapter	xii	6
chapter	ii	5
chapter	iii	5
chapter	ix	5
chapter	vii	5
chapter	viii	5
chapter	xi	5
chapter	xiii	4
chapter	xiv	4
chapter	xv	4
chapter	xvi	4
chapter	xviii	4
chapter	xx	4
chapter	xxi	4
chapter	xxii	4
chapter	xxiv	4
chapter	xix	3
chapter	xvii	3
chapter	xxiii	3
character	of	9
character	and	5
character	was	5
character	but	3
character	has	3
character	i	3
character	in	3
character	it	3
character	to	3
character	we	3
character	with	3
character	for	2
character	had	2
character	is	2
character	the	2
characteristic	of	2
charge	of	9
charge	but	2
charged	with	4
charlotte	lucas	9
charlotte	and	7
charlotte	had	4
charlotte	as	2
charlotte	but	2
charlotte	by	2
charlotte	could	2
charlotte	herself	2
charlotte	i	2
charlotte	is	2
charlotte	said	2
charlotte	to	2
charlotte's	first	2
charlotte's	opinion	2
charm	of	10
charm	and	2
charming	man	3
charming	young	2
charms	it	2
chase	me	2
chasing	birds	2
chattering	and	4
check	the	503
checked	by	3
checked	herself	3
cheeks	and	7
cheeks	of	3
cheeks	he	2
cheered	and	2
cheerful	prognostics	3
cheering	and	2
cheetah	and	3
cherished	the	2
cheshire	cat	5
chest	of	3
chest	and	2
chief	of	12
chief	object	2
child	and	4
child	she	4
child	was	4
child	but	3
child	i	3
child	the	3
child	by	2
child	for	2
child	said	2
child	who	2
children	and	7
children	of	3
children	are	2
children	she	2
children	was	2
chill	to	3
chin	upon	4
chin	and	3
chin	in	3
chin	was	2
china	and	4
china	country	3
china	wall	2
chinese	input	500
choice	of	3
choice	and	2
choice	i	2
choice	the	2
choked	and	3
choked	with	2
choose	to	7
choose	a	2
choose	and	2
choose	it	2
chooses	to	2
choosing	to	2
chop	it	2
chopped	a	2
chorus	of	3
chose	to	9
chose	the	2
chosen	it	2
christmas	and	3
christmas	morning	3
chronicle	one	2
chuckled	to	2
church	and	4
church	of	4
church	door	3
cigar	and	3
cigar	holder	2
cigar	which	2
cigars	in	2
circle	of	4
circle	and	2
circle	the	2
circle	to	2
circumstance	which	4
circumstance	i	2
circumstance	of	2
circumstances	which	4
circumstances	and	3
circumstances	are	3
circumstances	made	2
circumstances	of	2
circumstances	to	2
circumstances	were	2
circumstantial	evidence	3
citizens	of	2
city	and	17
city	of	10
city	to	7
city	the	5
city	said	4
city	he	3
city	i	3
city	so	3
city	was	3
city	all	2
city	in	2
city	is	2
city	this	2
city	when	2
city	where	2
city	with	2
civil	in	2
civil	inquiries	2
civil	of	2
civil	practice	2
civil	to	2
civilities	the	2
civility	and	7
civility	to	6
civility	of	4
civility	mr	3
civility	was	3
civility	as	2
civility	i	2
civility	in	2
civility	that	2
clad	in	3
claim	to	6
claim	an	2
claim	his	2
claims	on	2
clair	had	4
clair	has	2
clair	of	2
clamped	to	2
clang	of	2
clapped	the	2
claws	and	2
claws	but	2
clay	pipe	4
clay	and	3
clay	said	2
clean	shaven	3
clean	cut	2
cleaned	and	2
clear	to	10
clear	that	7
clear	enough	3
clear	the	3
clear	up	3
clear	upon	3
clear	and	2
clear	water	2
clear	whistle	2
cleared	up	5
cleared	th	2
clearing	up	5
clearing	the	2
clearly	and	2
clearly	as	2
clergyman	and	2
clever	and	2
clever	but	2
client	is	3
client	of	2
climb	down	2
climbed	down	2
climbed	the	2
climbing	down	2
clink	of	2
cloak	and	2
cloak	which	2
close	to	20
close	behind	5
close	by	4
close	the	3
close	upon	3
close	at	2
close	his	2
closed	the	11
closed	and	4
closed	her	2
closed	his	2
closely	i	2
closer	to	3
closing	the	3
closing	his	2
cloth	and	3
cloth	cap	2
clothes	and	8
clothes	of	3
clothes	were	3
clothes	i	2
clothes	it	2
clothes	man	2
clothes	on	2
clue	as	2
clue	in	2
clues	which	2
clump	of	4
clumsy	and	2
cluster	of	2
clutched	at	2
clutches	of	2
co	operation	3
coach	and	3
coach	i	2
coachman	had	2
coarseness	of	2
coat	and	6
coat	his	2
coat	of	2
coat	sleeve	2
coat	which	2
cocaine	and	2
coffee	in	4
coffee	and	3
coffee	cup	2
coincidence	of	2
cold	and	4
cold	night	3
cold	civility	2
cold	dank	2
cold	meat	2
cold	supper	2
cold	to	2
cold	was	2
collar	turned	2
colleague	dr	2
collection	of	4
collins	was	20
collins	and	16
collins	had	6
collins	has	5
collins	for	4
collins	she	4
collins	who	4
collins	but	3
collins	could	3
collins	did	3
collins	i	3
collins	in	3
collins	is	3
collins	returned	3
collins	you	3
collins	elizabeth	2
collins	from	2
collins	my	2
collins	said	2
collins	sat	2
collins	seemed	2
collins	should	2
collins	to	2
collins	were	2
collins's	letter	2
colonel	forster	26
colonel	f	3
colonel	miller's	3
colonel	spence	2
colonel	stark	2
color	and	5
column	of	5
columns	of	2
combination	of	2
come	to	74
come	back	32
come	in	20
come	from	16
come	and	14
come	with	12
come	for	11
come	on	11
come	at	10
come	out	10
come	upon	10
come	down	9
come	here	9
come	into	9
come	along	5
come	i	5
come	away	4
come	he	4
come	so	4
come	up	4
come	by	3
come	it	3
come	now	3
come	over	3
comes	to	5
comes	back	4
comes	out	3
comes	at	2
comes	down	2
comes	from	2
comes	in	2
comes	under	2
comfort	to	8
comfort	of	4
comfort	for	2
comfort	in	2
comfort	you	2
comfortable	and	2
comfortable	looking	2
comfortably	enough	2
comforts	and	2
coming	to	19
coming	down	6
coming	here	5
coming	in	5
coming	out	5
coming	and	4
coming	back	4
coming	into	4
coming	there	4
coming	home	3
coming	up	3
coming	along	2
coming	at	2
coming	forward	2
coming	from	2
coming	i	2
coming	no	2
coming	of	2
coming	on	2
coming	so	2
command	of	4
command	the	3
command	to	3
command	a	2
commencement	and	2
commencement	of	2
commendation	of	4
commission	and	2
commission	in	2
committed	and	2
common	and	4
common	enough	2
common	sense	2
common	way	2
commonplaces	of	2
communicate	with	4
communicated	the	2
communicated	with	2
communication	between	2
communication	with	2
companion	from	2
companion	i	2
companion	of	2
companion	sat	2
companion	we	2
companion	with	2
companions	and	2
companions	the	2
companions	when	2
company	with	9
company	and	4
company	for	4
company	of	3
company	but	2
company	has	2
company	said	2
compared	with	5
comparison	of	6
comparison	with	3
comparison	the	2
compassion	and	2
compassion	on	2
compatible	with	2
compelled	to	5
competition	in	2
competition	with	2
complain	of	5
complained	of	2
complaints	of	2
complete	the	3
completed	the	2
complexion	and	4
complied	with	4
compliment	to	7
compliment	of	6
compliment	and	2
compliment	on	2
compliment	you	2
compliments	to	4
compliments	which	2
compliments	with	2
comply	with	4
complying	with	2
compose	herself	2
composed	and	2
composed	himself	2
composedly	lady	2
composure	and	2
composure	at	2
composure	of	2
comprehend	a	2
comprehend	she	2
comprehend	that	2
comprehend	what	2
comprehend	your	2
conceal	it	3
conceal	from	2
conceal	its	2
concealed	from	2
conceit	and	2
conception	of	2
concern	and	5
concern	for	5
concern	in	3
concern	at	2
concern	he	2
concern	she	2
concerned	in	9
concerned	that	2
concerned	with	2
conclude	that	3
concluded	with	4
concluded	the	2
conclusion	of	5
conclusion	that	4
condescend	to	3
condescended	to	5
condescension	and	2
condescension	as	2
condition	of	2
conditionally	only	2
condole	with	2
conduct	in	4
conduct	of	4
conduct	had	3
conduct	but	2
conduct	she	2
conduct	the	2
conduct	would	2
conference	with	3
confess	that	17
confess	myself	2
confessed	himself	2
confessed	that	2
confession	to	2
confidante	illustration	2
confide	it	2
confidence	in	4
confidence	and	2
confined	to	5
confined	for	2
confirm	his	2
confirmation	of	3
confusing	it	2
confusion	of	3
confusion	and	2
congratulate	you	8
congratulations	on	501
congratulations	to	3
congratulations	and	2
congratulations	elizabeth	2
conjectured	but	2
conjecturing	as	3
conjunction	with	2
connected	with	16
connection	with	16
connection	and	2
connection	as	2
connection	between	2
connection	he	2
connections	and	2
connections	he	2
connections	i	2
connivance	and	2
conscience	on	2
conscious	of	2
consciousness	of	2
consciousness	that	2
consent	to	8
consented	to	2
consequence	of	11
consequence	to	3
consequence	at	2
consequence	he	2
consequence	or	2
consequently	that	3
consider	the	7
consider	that	6
consider	it	5
consider	your	4
consider	myself	3
consider	what	3
consider	his	2
consider	how	2
consider	me	2
considerable	amount	2
considerable	interest	2
considerable	sum	2
considerable	time	2
considerably	more	2
consideration	of	3
consideration	that	3
consideration	for	2
considered	it	5
considered	as	3
considered	that	3
considered	a	2
considered	how	2
considered	the	2
considering	the	4
considering	what	4
considering	how	2
consisted	of	3
consistent	with	3
consists	in	2
consolation	to	5
consolation	of	3
console	her	2
console	herself	2
console	lady	2
constant	source	2
construction	which	2
consult	me	3
consult	you	3
consulting	room	2
contact	with	2
contain	a	2
contain	herself	2
contained	a	3
contemplation	of	4
contempt	of	3
contempt	which	2
contented	and	2
contentment	to	2
contents	of	4
contents	as	2
contents	i	2
continually	from	3
continuance	and	2
continue	the	4
continue	my	3
continue	your	3
continue	long	2
continue	to	2
continued	the	16
continued	to	9
continued	in	7
continued	her	5
continued	i	4
continued	as	3
continued	mrs	3
continued	after	2
continued	and	2
continued	glancing	2
continued	holmes	2
continued	my	2
continued	though	2
continued	you	2
contrary	he	3
contrary	said	3
contrast	to	5
contrast	between	2
contributed	to	2
contrivance	the	2
contrive	to	2
contrived	to	3
convenience	of	3
convenient	distance	2
conversation	with	22
conversation	and	4
conversation	was	3
conversation	a	2
conversation	alice	2
conversation	between	2
conversation	but	2
conversation	in	2
conversation	or	2
conversation	she	2
conversation	soon	2
conversation	together	2
conversation	when	2
conversations	in	2
converse	with	3
conveyed	the	2
conviction	that	9
conviction	of	5
conviction	as	2
convince	him	2
convinced	that	22
convinced	her	8
convinced	of	5
convinced	from	4
convinced	by	2
cook	and	3
cook	was	2
cooking	and	2
cool	fountains	2
copper	beeches	12
copy	and	500
copyright	by	35
cord	which	2
corner	of	20
corner	and	6
corner	a	2
corner	saw	2
corner	which	2
cornfield	and	4
coroner	what	3
coroner	i	2
coroner's	jury	2
coronet	in	6
coronet	and	2
coronet	at	2
coronet	was	2
correct	and	2
correspondence	with	3
corridor	from	2
cost	them	2
cottage	and	4
couch	and	2
couch	i	2
could	you	511
could	not	285
could	be	75
could	see	59
could	have	48
could	hardly	25
could	do	23
could	she	20
could	only	17
could	he	12
could	think	12
could	but	10
could	go	10
could	i	10
could	make	10
could	never	10
could	get	9
could	easily	8
could	it	8
could	tell	8
could	find	7
could	give	7
could	say	7
could	bear	6
couldn't	have	2
council	with	2
countenance	and	5
countenance	a	2
countenance	of	2
countenance	such	2
countenance	which	2
counteracted	by	2
countess	of	4
countess	to	2
country	of	18
country	and	13
country	but	6
country	that	6
country	is	5
country	he	4
country	it	4
country	was	4
country	as	3
country	i	3
country	there	3
country	again	2
country	although	2
country	at	2
country	for	2
country	in	2
country	one	2
country	the	2
country	to	2
country	town	2
country	under	2
country	we	2
country	where	2
country	with	2
county	but	2
couple	of	12
courage	to	6
courage	said	4
courage	asked	3
courage	you	3
courage	and	2
courage	enough	2
courage	is	2
course	of	29
course	i	15
course	he	7
course	the	7
course	that	6
course	you	6
course	it	5
course	they	5
course	not	4
course	if	3
course	in	3
course	she	3
course	there	3
course	a	2
course	could	2
course	for	2
course	my	2
course	obvious	2
course	this	2
course	very	2
course	was	2
course	we	2
course	well	2
course	yes	2
court	of	4
court	road	4
court	and	3
court	all	2
court	chancery	2
court	was	2
courtesy	and	3
courtyard	and	2
cousin	and	5
cousin	elizabeth	3
cousin	that	3
cousin	could	2
cousin	jane	2
cousin	to	2
cousin	was	2
cousin	will	2
cousins	from	2
cover	the	2
covered	with	10
covering	a	3
covering	her	2
coward	i	2
cowardly	lion	22
cows	and	3
cracked	in	2
crackling	fire	2
cracks	between	2
cracks	running	2
crammed	in	3
crash	of	3
creases	of	3
created	a	2
creature	and	5
creature	in	3
creature	who	3
creature	that	2
creatures	in	2
credit	of	7
credit	to	7
credit	for	5
credit	that	2
creditable	to	2
cried	the	28
cried	elizabeth	23
cried	her	10
cried	out	10
cried	i	8
cried	alice	7
cried	dorothy	7
cried	he	6
cried	mrs	6
cried	his	5
cried	jane	5
cried	miss	5
cried	and	4
cried	holmes	4
cried	this	4
cried	for	3
cried	in	3
cried	lydia	3
cried	oh	3
cried	come	2
cried	darcy	2
cried	mr	2
cried	my	2
cried	our	2
crime	it	4
crime	is	3
crime	and	2
crime	has	2
crime	the	2
crimes	which	2
criminal	but	2
critical	eye	2
crop	i	2
croquet	ground	4
croquet	the	2
croquet	with	2
cross	the	7
cross	it	4
cross	and	2
cross	examine	2
cross	legged	2
cross	road	2
cross	this	2
crossed	the	6
crossed	over	3
crossed	in	2
crossed	it	2
crouched	down	2
crow	flew	3
crowd	of	5
crowd	to	3
crowd	i	2
crowded	round	4
crowded	with	2
crown	inn	2
crows	and	4
cruel	and	2
cruelly	used	2
cruelty	towards	2
cry	of	20
cry	and	4
cry	again	3
crying	out	2
cunning	and	2
cup	of	6
cupboard	and	5
curiosity	to	6
curiosity	and	4
curiosity	as	3
curiosity	he	2
curiosity	i	2
curiosity	it	2
curiosity	she	2
curiosity	so	2
curiosity	was	2
curious	to	6
curious	thing	3
curious	as	2
curious	dream	2
curled	himself	2
curled	up	2
curling	up	2
current	of	2
curt	announcement	2
custody	and	2
custody	of	2
custom	to	2
cut	off	13
cut	a	6
cut	the	4
cut	your	4
cut	and	2
cut	it	2
cyclone	had	4
cyclone	in	2
d	i	2
dad	said	2
dainty	china	2
dance	with	8
dance	at	4
dance	i	4
dance	will	4
dance	and	3
dance	a	2
dance	so	2
dance	when	2
dance	would	2
danced	with	6
danced	only	3
dances	and	3
dancing	is	3
dancing	with	3
dancing	a	2
dancing	and	2
dancing	together	2
danger	of	11
danger	my	2
danger	when	2
dangerous	man	2
dangers	that	2
dangling	down	2
darcy	and	23
darcy	was	23
darcy	had	16
darcy	is	14
darcy	she	13
darcy	who	11
darcy	i	9
darcy	to	9
darcy	with	9
darcy	has	8
darcy	he	7
darcy	it	7
darcy	that	7
darcy	in	6
darcy	might	6
darcy	would	6
darcy	as	5
darcy	but	5
darcy	looked	5
darcy	you	5
darcy	by	4
darcy	could	4
darcy	of	4
darcy	only	4
darcy's	letter	3
darcy's	conduct	2
darcy's	explanation	2
darcy's	in	2
darcy's	regard	2
darcy's	steward	2
dare	say	33
dare	to	8
dare	not	6
dared	not	8
dared	to	4
daring	criminals	2
dark	mode	500
dark	and	6
dark	to	6
dark	eyes	3
dark	i	3
dark	lantern	3
dark	hole	2
darkness	as	2
darkness	i	2
dashed	away	2
dashed	to	2
dashed	up	2
data	data	2
date	of	4
date	it	2
date	you	2
dated	from	4
daughter	of	9
daughter	and	8
daughter	but	4
daughter	he	4
daughter	she	4
daughter	the	4
daughter	who	4
daughter	elizabeth	3
daughter	had	3
daughter	married	3
daughter	to	3
daughter	miss	2
daughter	well	2
daughter	would	2
daughters	married	3
daughters	and	2
daughters	are	2
daughters	had	2
daughters	i	2
daughters	if	2
daughters	in	2
daughters	she	2
day	and	32
day	i	21
day	before	20
day	of	16
day	after	12
day	or	12
day	to	11
day	in	9
day	that	9
day	but	7
day	said	7
day	for	6
day	you	6
day	a	5
day	as	5
day	she	5
day	was	5
day	when	5
day	at	4
day	it	4
day	passed	4
day	so	4
day	by	3
day	just	3
day's	journey	3
days	of	8
days	i	6
days	ago	5
days	and	5
days	in	4
days	to	4
days	after	3
days	at	3
days	before	3
days	for	3
days	the	3
days	but	2
days	later	2
days	on	2
days	that	2
days	time	2
days	was	2
days	with	2
dazzled	by	2
dead	and	5
dead	i	4
dead	silence	3
dead	the	3
dead	body	2
dead	in	2
dead	leaves	2
dead	man's	2
dead	then	2
deadly	poppy	2
deal	of	20
deal	to	6
deal	in	5
deal	too	4
deal	more	3
deal	with	3
deal	frightened	2
dealing	with	2
dear	lizzy	15
dear	i	14
dear	sir	14
dear	mr	10
dear	said	9
dear	aunt	8
dear	fellow	8
dear	miss	8
dear	dear	7
dear	jane	7
dear	me	7
dear	to	7
dear	you	7
dear	friend	6
dear	lydia	6
dear	madam	6
dear	sister	6
dear	young	6
dear	cried	5
dear	little	5
dear	watson	5
dear	charlotte	4
dear	father	4
dear	holmes	4
dearest	lizzy	5
dearest	jane	3
dearest	friend	2
dearest	sister	2
death	i	8
death	of	8
death	and	6
death	from	2
death	was	2
death	would	2
debt	to	2
debts	of	3
debts	are	2
debts	behind	2
decease	of	2
deceased	had	2
deceive	you	2
deceived	in	3
deceived	by	2
december	nd	2
decide	on	3
decided	to	4
decided	he	3
decided	against	2
decidedly	and	3
declare	that	4
declared	the	11
declared	he	4
declared	that	4
declared	herself	3
decline	of	2
declined	it	2
deduce	from	4
deduce	that	3
deduce	it	2
deduced	a	3
deduced	from	3
deductions	and	2
deep	in	6
deep	thought	3
deep	and	2
deep	that	2
deep	voice	2
deepest	thought	2
deeply	and	3
deeply	into	2
defects	of	4
deference	for	3
defiance	of	3
deficiency	of	2
deficient	in	4
definite	conception	2
defy	even	2
degree	of	16
degree	and	2
deigned	to	2
delayed	a	2
delicacy	of	5
delicacy	and	4
delicacy	may	2
delicate	and	3
delicate	for	2
delicate	that	2
delicious	fruits	2
delight	and	6
delight	in	6
delight	as	3
delight	to	3
delight	when	3
delight	of	2
delight	which	2
delighted	to	10
delighted	with	8
delighted	in	2
delightful	to	3
delightful	intercourse	2
delightful	thing	2
delivered	to	2
demand	to	2
den	and	4
den	in	3
denial	and	4
denny	and	2
deny	that	3
deny	it	2
deny	the	2
departure	of	2
departure	she	2
depend	upon	19
depend	on	8
depended	on	2
dependence	on	2
depending	on	2
deprived	the	2
descending	to	2
describe	it	3
described	and	2
described	as	2
description	of	10
desert	and	3
deserve	to	3
deserved	to	2
design	the	500
design	of	8
design	against	2
design	and	2
design	for	2
design	in	2
designed	for	4
designed	to	2
designs	on	2
desirable	event	2
desire	of	8
desire	to	5
desire	the	2
desire	you	2
desires	to	2
desirous	of	7
despair	i	2
despair	in	2
despaired	of	4
desperate	man	2
destined	for	2
destined	to	2
destroy	her	3
destroy	them	2
destroying	the	2
detail	of	2
detail	which	2
details	which	6
details	my	2
detain	you	2
determine	what	2
determine	whether	2
determined	to	21
determined	never	3
determined	that	3
determined	if	2
determined	not	2
determined	on	2
determined	therefore	2
determined	we	2
develop	the	500
devoid	of	3
devoted	some	2
dew	and	2
diamonds	and	3
did	not	259
did	you	76
did	she	25
did	he	19
did	it	18
did	the	15
did	i	14
did	and	8
did	so	7
did	they	7
did	at	5
did	everything	5
did	as	4
did	elizabeth	4
did	said	4
did	your	4
did	a	3
did	before	3
did	her	3
did	mr	3
did	that	3
did	what	3
did	all	2
did	but	2
didn't	know	11
didn't	like	2
didn't	you	2
die	of	3
died	and	3
died	away	3
died	i	3
died	of	2
difference	between	3
difference	of	3
difference	in	2
different	from	5
different	manner	3
different	times	3
different	and	2
different	but	2
different	directions	2
different	man	2
different	person	2
different	said	2
different	sort	2
difficult	to	16
difficult	for	2
difficult	that	2
difficulty	in	12
difficulty	was	2
digging	for	2
dim	light	3
dinah	i	2
dine	with	7
dine	at	5
dine	there	2
dined	with	3
dining	room	11
dining	at	3
dinner	was	6
dinner	and	4
dinner	i	4
dinner	to	4
dinner	with	3
dinner	did	2
dinner	when	2
direct	his	2
directed	in	2
directed	their	2
directed	to	2
directed	towards	2
directing	his	2
direction	of	12
direction	and	4
direction	in	2
direction	it	2
direction	the	2
directions	and	3
directions	to	2
directly	to	6
directly	and	4
directly	by	2
dirty	and	2
disadvantage	to	2
disagreeable	man	3
disappearance	of	6
disappeared	into	3
disappeared	so	2
disappointed	and	3
disappointed	in	2
disappointed	man	2
disappointment	and	3
disappointment	had	2
disappointment	i	2
disappointment	in	2
disappointment	that	2
disconcerted	and	2
discover	the	3
discover	that	2
discovered	i	3
discovered	and	2
discovered	by	2
discovered	the	2
discovery	of	3
discreet	and	2
discuss	it	2
discuss	my	2
discussion	of	3
disdain	of	3
disdained	the	2
disgrace	him	2
disgrace	i	2
disgraceful	light	2
disguise	as	2
disgust	and	2
disgusted	with	2
dish	and	2
dish	of	2
dish	was	2
disinclination	for	2
dislike	of	8
dislike	to	3
dislike	which	2
display	of	3
displaying	the	2
disposal	and	2
dispose	of	2
disposed	to	11
disposed	of	2
disposition	of	6
disposition	and	3
disposition	but	2
disposition	greater	2
disposition	in	2
disposition	must	2
disposition	to	2
disregarding	my	2
disreputable	clothes	2
dissatisfied	with	3
distance	and	4
distance	from	4
distance	to	4
distance	but	3
distance	of	3
distance	as	2
distance	away	2
distinctly	saw	2
distinguish	the	4
distinguished	by	2
distinguishing	the	2
distress	of	4
distress	but	2
distressed	by	3
distressed	himself	2
disturbance	in	2
divide	them	2
divided	between	4
do	you	1655
do	it	535
do	not	206
do	so	27
do	i	20
do	for	16
do	nothing	16
do	with	16
do	but	14
do	and	13
do	anything	12
do	as	12
do	the	11
do	said	10
do	what	10
do	in	9
do	this	9
do	to	9
do	that	8
do	then	8
do	now	7
do	all	6
do	he	6
do	is	6
doctor	and	2
doctor	he	2
doctor	i	2
doctor	said	2
doctor	was	2
doctor	we	2
dodo	solemnly	2
does	not	70
does	it	9
does	he	8
does	the	6
does	i	3
does	seem	3
does	she	3
does	that	3
does	this	3
does	your	3
does	a	2
does	and	2
does	her	2
does	so	2
doesn't	matter	5
doesn't	look	3
dog	cart	6
dog	in	3
dog	is	2
dog	with	2
doing	so	4
doing	there	4
doing	what	3
doing	and	2
doing	anything	2
doing	i	2
doing	in	2
doing	it	2
doing	with	2
doings	of	2
domestic	felicity	2
don't	know	27
don't	you	11
don't	think	8
don't	be	6
don't	mind	6
don't	like	5
don't	believe	4
don't	speak	4
don't	want	4
don't	keep	3
don't	see	3
don't	care	2
don't	chase	2
don't	even	2
don't	give	2
don't	let	2
don't	talk	2
don't	understand	2
done	and	15
done	it	12
done	to	10
done	with	9
done	but	8
done	in	8
done	for	7
done	that	6
done	a	4
done	away	4
done	by	4
done	i	4
done	so	4
done	very	4
done	about	3
done	before	3
done	he	3
done	his	3
done	my	3
done	no	3
done	said	3
done	she	3
done	the	3
done	what	3
door	and	42
door	of	22
door	was	13
door	i	10
door	opened	7
door	which	7
door	a	5
door	as	5
door	he	5
door	so	5
door	with	5
door	in	4
door	it	4
door	she	4
door	the	4
door	then	4
door	behind	3
door	come	3
door	flew	3
door	had	3
door	locked	3
door	my	3
door	this	3
door	bell	2
doors	and	2
doors	in	2
doors	of	2
doors	the	2
doorway	and	3
dormouse	again	2
dormouse	and	2
dormouse	not	2
dormouse	shook	2
dormouse	who	2
dorothy	and	30
dorothy	was	17
dorothy	had	10
dorothy	who	10
dorothy	the	8
dorothy	could	7
dorothy	said	7
dorothy	to	7
dorothy	a	6
dorothy	but	6
dorothy	looked	6
dorothy	went	6
dorothy	i	5
dorothy	no	5
dorothy	saw	5
dorothy	they	5
dorothy	did	4
dorothy	in	4
dorothy	so	4
dorothy	then	4
dorothy	walked	4
dorothy	would	4
dorothy	as	3
dorothy	asked	3
dorothy's	basket	3
dorothy's	room	2
dorothy's	side	2
dorothy's	wish	2
doth	the	3
double	line	3
double	bedded	2
doubt	that	25
doubt	of	13
doubt	as	6
doubt	but	5
doubt	the	5
doubt	you	4
doubt	and	3
doubt	not	3
doubt	they	3
doubt	a	2
doubt	it	2
doubt	or	2
doubt	to	2
doubt	upon	2
doubt	was	2
doubt	whether	2
doubted	and	3
doubting	whether	2
doubtless	as	2
doubts	as	2
down	the	78
down	to	65
down	and	35
down	in	27
down	on	20
down	upon	18
down	at	17
down	into	17
down	from	15
down	a	14
down	again	14
down	with	11
down	his	9
down	beside	8
down	for	7
down	stairs	7
down	here	6
down	i	6
down	by	5
down	there	5
down	they	5
down	down	4
down	just	4
down	you	4
downstairs	as	3
dozen	of	2
dozen	yards	2
dr	watson	6
drab	of	2
dramatic	in	2
draw	him	3
draw	the	3
draw	up	3
draw	back	2
draw	from	2
draw	no	2
draw	your	2
drawing	room	23
drawing	a	2
drawing	of	2
drawn	from	4
drawn	out	3
drawn	at	2
drawn	him	2
drawn	my	2
drawn	to	2
dread	of	3
dreaded	lest	2
dreadful	news	2
dreadful	she	2
dreadful	time	2
dreadful	to	2
dreadfully	puzzled	2
dream	of	5
dream	it	2
dream	that	2
dreamed	of	2
dreams	and	2
dress	and	6
dress	but	3
dress	i	3
dress	was	3
dress	in	2
dress	is	2
dress	she	2
dress	the	2
dress	which	2
dressed	in	16
dressed	and	5
dressed	with	3
dressed	as	2
dressed	young	2
dressing	room	11
dressing	gown	7
dressing	table	3
drew	near	7
drew	the	4
drew	up	4
drew	a	3
drew	back	3
drew	from	3
drew	her	2
drew	his	2
drew	it	2
drew	out	2
dried	leaves	3
dried	orange	3
dried	her	2
dried	up	2
drink	and	3
drink	me	3
drink	a	2
drink	tea	2
drive	and	4
drive	away	3
drive	to	3
drive	but	2
driven	from	3
driven	him	2
driven	over	2
driving	up	2
drop	the	2
drop	you	2
dropped	her	3
dropped	his	3
dropped	in	3
dropped	it	2
dropped	my	2
dropped	the	2
dropped	them	2
dropped	to	2
drove	to	7
drove	up	4
drove	for	3
drove	away	2
drove	him	2
drove	home	2
drove	me	2
drove	off	2
drove	on	2
drove	through	2
drug	and	2
drunk	and	2
dry	again	2
dry	gray	2
dry	leaves	2
duchess	and	7
duchess	said	3
duchess	as	2
duchess	i	2
duchess	of	2
duchess	oh	2
duchess	the	2
duchess	took	2
duchess	was	2
due	to	8
duke	of	4
dull	and	2
dull	to	2
duncan	ross	7
during	the	37
during	which	4
during	our	3
during	that	3
during	your	3
during	dinner	2
during	his	2
during	my	2
during	their	2
during	this	2
during	those	2
dust	of	3
dust	out	2
dusty	and	2
duties	of	2
duty	to	4
duty	of	3
duty	and	2
duty	by	2
duty	nor	2
dwelling	on	6
dwelt	on	3
dying	reference	3
e	e	3
e	evening	3
each	other	49
each	of	17
each	side	6
each	one	5
each	and	3
each	case	3
each	time	3
each	to	3
each	was	3
each	with	3
each	in	2
eager	to	7
eager	and	2
eager	eyes	2
eager	face	2
eager	in	2
eager	with	2
eagerly	for	3
eagerly	watched	2
eagerness	to	3
eagerness	which	2
ear	and	5
ear	i	3
earlier	than	2
earls	of	2
early	in	8
early	and	5
early	days	2
early	enough	2
early	the	2
early	to	2
earn	a	2
earnest	desire	3
earnest	of	3
earnest	and	2
earnest	contemplation	2
earnestly	did	3
earnestly	at	2
ears	and	6
ears	for	2
ears	have	2
ears	the	2
earth	does	2
earth	in	2
earth	was	2
ease	and	7
ease	with	4
easier	to	3
easily	believe	4
easily	as	3
easily	believed	2
easily	done	2
easily	give	2
easily	offended	2
easily	perceive	2
easily	to	2
easiness	of	2
east	and	8
east	of	2
east	said	2
east	was	2
east	when	2
easy	to	10
easy	and	4
easy	i	3
easy	as	2
easy	chair	2
easy	distance	2
easy	in	2
easy	matter	2
eat	the	5
eat	and	4
eat	bats	3
eat	it	3
eat	or	3
eat	a	2
eat	drink	2
eaten	up	2
economy	and	2
edge	of	16
edges	of	2
editions	continued	2
education	and	5
edward	street	2
edwin	and	2
effect	of	12
effect	was	3
effect	which	3
effect	and	2
effect	it	2
effect	that	2
effects	of	3
effort	for	2
effort	to	2
efforts	of	5
efforts	were	2
egg	and	2
eggs	and	2
eh	what	2
eight	years	5
eight	o'clock	4
eight	and	2
eight	months	2
eight	weeks	2
eighteenth	century	4
either	side	21
either	of	11
either	to	5
either	from	4
either	you	4
either	and	3
either	but	3
either	the	3
either	a	2
either	at	2
either	his	2
either	if	2
either	or	2
either	with	2
elastic	sided	2
elbows	upon	2
elder	miss	3
elder	sisters	2
elderly	man	2
elderly	woman	2
eldest	sister	7
eldest	daughter	6
eldest	and	2
eldest	miss	2
electric	blue	2
elegance	of	3
elegance	and	2
elegant	female	2
elegant	woman	2
elephant	and	3
elephants	and	2
elevation	of	3
eleven	o'clock	5
eligible	match	2
eliza	that	3
eliza	for	2
elizabeth	was	64
elizabeth	had	37
elizabeth	and	23
elizabeth	could	21
elizabeth	but	13
elizabeth	felt	13
elizabeth	that	11
elizabeth	with	11
elizabeth	i	10
elizabeth	saw	9
elizabeth	to	9
elizabeth	as	8
elizabeth	who	8
elizabeth	you	8
elizabeth	in	7
elizabeth	looked	7
elizabeth	said	7
elizabeth	though	7
elizabeth	would	7
elizabeth	made	6
elizabeth	soon	6
elizabeth	when	6
elizabeth	for	5
elizabeth	found	5
elizabeth's	mind	6
elizabeth's	astonishment	2
elizabeth's	feelings	2
elizabeth's	spirits	2
elopement	and	2
else	to	11
else	i	8
else	and	5
else	but	4
else	could	4
else	had	4
else	in	4
else	can	3
else	for	3
else	elizabeth	2
else	he	2
else	mr	2
else	she	2
else	was	2
else	will	2
else	would	2
em	and	4
em	had	3
em	again	2
em	was	2
em	will	2
embraced	her	2
embracing	her	2
emerald	city	57
emerald	green	2
emeralds	dorothy	2
emeralds	set	2
emeralds	the	2
emerged	from	2
emerged	in	2
emerged	into	2
emotion	that	2
employed	in	6
employment	the	2
empty	and	2
empty	room	2
enabled	him	2
encourage	him	3
encourage	the	2
encouraged	to	3
encouragement	to	3
end	of	62
end	to	16
end	and	5
end	in	4
end	what	4
end	he	3
end	i	2
end	then	2
end	wall	2
end	without	2
ended	in	4
energy	all	2
engage	for	2
engaged	in	12
engaged	to	12
engaged	by	4
engaged	for	3
engaged	with	3
engaged	jane	2
engaged	mr	2
engaged	my	2
engaged	there	2
engagement	with	4
engagement	and	2
engagement	at	2
engagement	to	2
engagement	was	2
engagements	at	2
engagements	which	2
engagements	with	2
engaging	my	2
engineer's	thumb	2
england	a	4
england	i	3
england	and	2
england	my	2
england	the	2
english	input	500
engraved	upon	2
engrossed	by	5
enjoy	it	2
enjoy	the	2
enjoying	the	3
enjoyment	of	5
enough	to	87
enough	for	16
enough	of	12
enough	and	8
enough	but	8
enough	i	8
enough	said	6
enough	she	3
enough	when	3
enough	at	2
enough	from	2
enough	now	2
enough	recovered	2
enough	there	2
enough	yet	2
entail	of	2
entailed	on	2
enter	the	5
enter	into	4
enter	his	2
entered	the	38
entered	and	4
entered	into	4
entered	a	3
entered	it	3
entered	to	3
entered	was	3
entered	with	3
entered	my	2
entering	the	9
entertained	a	2
entertainment	of	2
entirely	mistaken	4
entirely	of	4
entirely	a	2
entirely	devoid	2
entirely	for	2
entitled	to	4
entrance	of	7
entrance	on	2
entreat	him	2
entreat	his	2
entreat	you	2
entreaties	of	3
entreaties	that	2
entreaty	that	3
enumerating	the	3
envelope	and	4
envelope	which	2
equal	to	11
equal	degree	2
equal	in	2
equal	pleasure	2
equally	well	3
equinoctial	gales	2
erred	perhaps	2
error	and	2
escape	the	3
escape	and	2
escape	but	2
escape	from	2
escaped	her	2
escaped	his	2
escaped	my	2
especially	when	7
especially	as	4
especially	to	4
esq	to	2
essence	of	2
essential	to	3
established	a	2
establishment	were	2
estate	and	5
estate	in	3
estate	of	3
estate	is	2
esteem	and	2
estimation	of	2
etc	etc	3
etc	mr	2
europe	and	2
even	the	17
even	to	14
even	if	10
even	more	9
even	in	8
even	a	7
even	when	6
even	as	5
even	of	5
even	his	4
even	on	4
even	for	3
even	miss	3
even	my	3
even	now	3
even	with	3
even	be	2
even	before	2
even	elizabeth	2
even	had	2
even	he	2
even	her	2
even	here	2
even	know	2
evening	and	6
evening	at	6
evening	beautiful	5
evening	before	5
evening	i	5
evening	in	5
evening	it	4
evening	of	4
evening	was	4
evening	after	3
evening	but	3
evening	by	3
evening	elizabeth	3
evening	passed	3
evening	when	3
evening	a	2
evening	mr	2
evening	papers	2
evening	said	2
evening	though	2
evening	to	2
evening	which	2
evenings	have	2
evenness	of	2
event	of	7
event	which	3
event	takes	2
events	mr	2
events	than	2
events	which	2
ever	seen	12
ever	be	11
ever	and	10
ever	to	10
ever	been	9
ever	heard	9
ever	so	9
ever	since	8
ever	saw	7
ever	was	7
ever	i	6
ever	but	5
ever	done	5
ever	had	5
ever	listened	5
ever	lived	5
ever	see	4
ever	have	3
ever	having	3
ever	the	3
ever	a	2
ever	after	2
ever	before	2
ever	come	2
every	day	23
every	moment	12
every	other	9
every	possible	9
every	respect	9
every	way	9
every	morning	8
every	particular	7
every	man	6
every	reason	6
every	sentence	6
every	idea	5
every	night	5
every	part	5
every	attempt	4
every	now	4
every	point	4
every	direction	3
every	line	3
every	one	3
every	side	3
every	subject	3
every	appearance	2
every	assistance	2
everybody	else	3
everybody	says	3
everybody	and	2
everybody	had	2
everybody	is	2
everybody	said	2
everybody	was	2
everyone	connected	2
everyone	had	2
everything	in	10
everything	that	9
everything	was	8
everything	but	5
everything	else	5
everything	is	5
everything	i	3
everything	which	3
everything	a	2
everything	about	2
everything	and	2
everything	around	2
everything	he	2
everything	here	2
everything	of	2
everything	seemed	2
everything	she	2
everything	the	2
everything	they	2
everything	to	2
everything	you	2
evidence	is	3
evidence	to	3
evidence	as	2
evidence	i	2
evidence	of	2
evidence	said	2
evident	that	8
evident	a	2
evident	to	2
evidently	and	2
evidently	the	2
evil	but	2
evil	to	2
evil	which	2
exactly	what	14
exactly	as	6
exactly	so	4
exactly	the	4
exactly	in	3
examination	of	8
examine	the	5
examined	it	4
examined	and	3
examined	the	3
examined	with	2
examining	the	6
example	of	3
example	and	2
example	as	2
exceeded	all	2
exceedingly	hot	2
excellent	character	2
excellent	father	2
excellent	understanding	2
excellent	we	2
excellent	you	2
except	the	10
except	a	7
except	that	3
except	in	2
except	my	2
except	of	2
except	to	2
except	toto	2
except	when	2
excess	of	2
excessively	disappointed	2
excited	by	3
exclaimed	dorothy	6
exclaimed	the	5
exclaimed	alice	3
exclaimed	at	2
exclaimed	in	2
exclaimed	you	2
exclamation	of	2
exclamations	of	2
excuse	me	11
excuse	my	8
excuse	for	5
exercise	of	2
exercise	she	2
exerted	herself	2
exertion	of	3
exertion	would	2
existence	if	2
expect	to	7
expect	me	6
expect	it	5
expect	that	5
expect	him	3
expect	a	2
expect	such	2
expect	us	2
expect	you	2
expectation	of	8
expectation	she	2
expectations	of	3
expected	to	17
expected	her	3
expected	that	3
expected	and	2
expected	for	2
expected	from	2
expected	he	2
expected	in	2
expected	mr	2
expected	on	2
expected	the	2
expected	there	2
expected	you	2
expense	of	6
experience	of	5
experience	and	2
experience	has	2
experience	that	2
experience	to	2
experience	which	2
experience	you	2
explain	the	7
explain	it	5
explain	to	5
explain	how	3
explain	i	2
explain	myself	2
explained	the	5
explained	that	4
explained	his	2
explanation	of	4
exposed	to	2
exposure	he	2
express	her	6
express	it	2
express	was	2
expressed	her	4
expressed	a	2
expressed	himself	2
expressed	his	2
expressed	no	2
expressed	to	2
expressing	her	2
expressing	his	2
expression	of	14
expression	upon	3
expression	but	2
expression	in	2
expressions	of	4
extend	to	3
extent	of	3
extraordinary	energy	2
extraordinary	one	2
extraordinary	powers	2
extraordinary	story	2
extravagant	and	2
extravagant	in	2
extreme	and	2
extreme	limits	2
extremely	well	3
extremely	agreeable	2
extremely	fond	2
extremely	glad	2
eye	was	8
eye	and	4
eye	of	3
eye	which	3
eye	caught	2
eye	fell	2
eye	he	2
eye	on	2
eyes	and	30
eyes	were	18
eyes	to	9
eyes	of	8
eyes	on	8
eyes	that	7
eyes	fixed	6
eyes	as	5
eyes	i	5
eyes	had	4
eyes	open	4
eyes	she	4
eyes	so	4
eyes	upon	4
eyes	are	3
eyes	closed	3
eyes	in	3
eyes	round	3
eyes	sparkled	3
eyes	very	3
eyes	which	3
eyes	with	3
eyes	but	2
eyes	by	2
face	and	31
face	of	14
face	with	11
face	as	9
face	was	8
face	i	7
face	in	5
face	is	5
face	to	5
face	which	5
face	the	4
face	an	2
face	at	2
face	but	2
face	he	2
face	his	2
face	into	2
face	it	2
face	she	2
face	that	2
face	there	2
face	towards	2
face	who	2
faced	round	2
faces	and	3
faces	of	2
fact	that	11
fact	is	4
fact	i	3
fact	he	2
fact	in	2
fact	we	2
fact	yes	2
factor	in	2
facts	are	5
facts	of	3
facts	which	3
facts	but	2
facts	that	2
fail	to	5
fail	her	2
failed	to	7
faint	in	2
fainted	when	2
fainter	and	2
fainting	in	2
fair	cousins	6
fair	cousin	3
fair	as	2
fair	lady	2
fair	to	2
fairly	well	3
fairly	clear	2
fairy	tale	2
fairy	tales	2
faith	in	2
fall	in	5
fall	a	3
fall	into	3
fall	asleep	2
fall	down	2
fall	of	2
fall	to	2
fall	upon	2
fallen	in	4
fallen	into	3
fallen	on	2
falling	in	4
false	alarm	2
false	and	2
false	for	2
false	step	2
false	wizard	2
falsehood	and	2
familiar	to	9
familiar	with	2
families	i	2
family	and	16
family	of	11
family	were	9
family	in	6
family	she	6
family	circle	5
family	that	5
family	dinner	4
family	they	4
family	when	4
family	with	4
family	mrs	3
family	or	3
family	to	3
family	was	3
family	you	3
family	a	2
family	are	2
family	as	2
family	could	2
family	do	2
family	had	2
family	how	2
family	i	2
fan	and	7
fancied	she	3
fancied	herself	2
fancied	that	2
fancies	you	2
fancy	that	7
fancy	for	4
fancy	to	4
fancy	of	2
fancying	himself	2
fancying	that	2
fantastic	but	2
far	as	44
far	from	33
far	off	6
far	and	4
far	enough	4
far	away	3
far	behind	3
far	beyond	3
far	i	3
far	it	3
far	too	3
far	be	2
far	below	2
far	greater	2
far	is	2
far	out	2
far	side	2
far	that	2
far	the	2
far	we	2
farm	and	2
farmer	and	2
farmer's	wife	3
farmer's	cornfield	2
farther	and	6
farther	from	4
farther	back	2
farther	end	2
farther	for	2
farther	side	2
farther	than	2
farther	they	2
farther	up	2
fashion	which	5
fashion	and	4
fashion	of	3
fashion	the	2
fast	as	11
fast	asleep	6
fast	approaching	2
fast	enough	2
fast	in	2
fast	to	2
fastened	on	2
fastened	to	2
fat	and	2
fate	of	2
father	and	19
father	was	15
father	had	12
father	i	8
father	to	8
father	who	7
father	did	4
father	is	4
father	she	4
father	william	4
father	at	3
father	but	3
father	came	3
father	has	3
father	of	3
father	went	3
father	would	3
father	always	2
father	as	2
father	can	2
father	cannot	2
father	could	2
father	died	2
father	my	2
father's	death	4
father's	estate	2
fatigue	and	2
fatigued	with	2
fault	but	2
fault	in	2
fault	with	2
favorite	color	2
fear	that	17
fear	of	16
fear	and	8
fear	for	5
fear	mr	2
fear	not	2
fear	they	2
feared	to	5
feared	it	4
feared	that	2
fearful	of	4
fears	and	3
feature	of	2
features	which	3
features	and	2
features	are	2
features	as	2
feel	it	13
feel	that	10
feel	the	5
feel	a	4
feel	very	3
feel	as	2
feel	equal	2
feel	he	2
feel	herself	2
feel	how	2
feel	more	2
feel	sure	2
feel	what	2
feeling	of	11
feeling	that	6
feeling	a	5
feeling	very	4
feeling	at	2
feeling	no	2
feeling	quite	2
feeling	to	2
feeling	was	2
feeling	well	2
feelings	which	10
feelings	and	9
feelings	of	7
feelings	i	5
feelings	towards	5
feelings	were	5
feelings	in	4
feelings	on	4
feelings	she	4
feelings	are	3
feelings	as	3
feelings	was	3
feelings	it	2
feelings	than	2
feelings	they	2
feelings	though	2
feet	and	16
feet	high	5
feet	of	4
feet	for	3
feet	he	3
feet	i	3
feet	in	3
feet	again	2
feet	as	2
feet	at	2
feet	were	2
feet	would	2
felicity	in	4
felicity	of	2
felicity	to	2
fell	into	5
fell	over	5
fell	in	4
fell	asleep	3
fell	down	3
fell	on	3
fell	with	3
fell	a	2
fell	at	2
fell	off	2
fell	upon	2
fellow	said	5
fellow	i	4
fellow	will	4
fellow	and	2
fellow	creatures	2
fellow	is	2
fellow	what	2
felt	that	38
felt	a	9
felt	all	7
felt	for	7
felt	herself	6
felt	very	6
felt	and	5
felt	it	5
felt	quite	5
felt	the	5
felt	as	4
felt	in	4
felt	so	4
felt	by	3
felt	how	3
felt	no	3
felt	she	3
felt	any	2
felt	certain	2
felt	hat	2
felt	his	2
felt	more	2
felt	on	2
felt	persuaded	2
fence	and	3
fences	at	2
fetch	her	3
fetch	it	2
fetch	me	2
fetch	the	2
few	minutes	44
few	moments	17
few	days	16
few	words	8
few	hours	6
few	weeks	6
few	of	5
few	lines	4
few	people	4
few	years	4
few	yards	3
few	acres	2
few	months	2
few	more	2
few	seconds	2
few	steps	2
few	things	2
fewer	of	2
field	mice	5
field	and	3
field	for	3
field	of	3
field	after	2
field	mouse	2
fielding	and	2
fields	and	3
fields	of	3
fierce	and	4
fierce	beasts	2
fiercely	that	2
fiery	red	2
fifteen	years	2
fifty	miles	4
fifty	guinea	3
fifty	guineas	3
fighting	trees	2
figure	of	5
figure	was	4
figure	and	3
figure	outlined	2
figure	said	2
figures	and	2
fill	the	3
fill	me	2
filled	with	7
filled	the	4
filled	a	2
filled	dorothy's	2
filled	it	2
finally	he	4
finally	settled	3
finally	of	2
finally	resolved	2
finally	the	2
find	that	26
find	it	25
find	a	18
find	out	14
find	the	11
find	me	7
find	them	7
find	her	6
find	him	5
find	you	5
find	an	4
find	herself	4
find	no	4
find	my	3
find	some	3
find	another	2
find	any	2
find	anything	2
find	he	2
find	his	2
find	myself	2
find	their	2
find	there	2
find	what	2
finding	her	3
finding	that	3
finding	a	2
finding	anything	2
finding	herself	2
finding	it	2
finding	out	2
finding	this	2
finds	himself	2
fine	eyes	4
fine	a	3
fine	and	2
fine	coal	2
fine	day	2
finger	tips	5
finger	and	2
finger	to	2
fingers	and	3
fingers	i	3
finish	his	3
finished	the	6
finished	her	5
finished	it	4
finished	his	2
finished	i	2
finished	my	2
fire	and	13
fire	the	4
fire	as	3
fire	in	3
fire	to	3
fire	you	3
fire	i	2
fire	it	2
fire	so	2
fire	was	2
firm	of	2
first	and	11
first	place	10
first	to	10
first	but	9
first	she	8
first	that	8
first	came	7
first	time	7
first	of	6
first	the	6
first	thing	6
first	he	5
first	i	5
first	object	5
first	by	4
first	was	4
first	called	3
first	day	3
first	for	3
first	it	3
first	pleasing	3
first	sentence	3
first	thought	3
first	two	3
fish	footman	2
fish	she	2
fishing	and	2
fists	and	2
fit	to	5
fit	of	3
fit	you	3
fitted	for	3
fitted	up	3
fitted	her	2
five	minutes	13
five	and	7
five	years	7
five	daughters	5
five	miles	5
five	little	4
five	thousand	4
five	days	2
five	dried	2
five	hundred	2
five	i	2
five	long	2
five	o'clock	2
five	orange	2
fix	on	2
fix	the	2
fixed	on	10
fixed	for	3
fixed	in	3
fixed	and	2
fixed	it	2
fixed	them	2
fixed	upon	2
flamingo	and	2
flashed	through	2
flattened	out	2
flatter	myself	6
flatter	ourselves	3
flattered	by	4
flattered	herself	2
fleet	street	2
flew	away	6
flew	at	4
flew	into	4
flew	open	3
flew	close	2
flew	in	2
flew	up	2
flight	of	3
flight	and	2
flirting	with	2
flock	of	2
floor	and	12
floor	of	4
floor	a	2
floor	as	2
floor	then	2
floor	there	2
flowers	and	7
flowers	that	3
flowers	were	2
flung	open	2
flush	upon	2
flushed	and	2
flushing	up	2
fly	at	2
flying	down	2
flying	toward	2
folded	up	2
folk	who	3
folk	and	2
follies	and	4
follow	it	4
follow	me	3
follow	her	2
follow	him	2
follow	my	2
follow	that	2
follow	the	2
follow	them	2
follow	you	2
followed	him	10
followed	the	9
followed	by	8
followed	her	8
followed	them	7
followed	me	5
followed	and	4
followed	a	2
followed	but	2
followed	his	2
followed	this	2
following	day	3
following	him	3
following	morning	3
following	holmes	2
following	manner	2
following	the	2
following	tuesday	2
follows	i	2
follows	the	2
folly	and	4
fond	of	24
fondness	for	2
food	and	2
food	for	2
fool	a	2
fool	and	2
fool	i	2
foolish	enough	2
foolish	errand	2
foot	of	5
foot	and	3
foot	over	3
footman	and	2
footman	in	2
for	your	527
for	the	350
for	a	140
for	her	111
for	it	95
for	i	87
for	you	74
for	me	58
for	my	56
for	she	55
for	his	53
for	he	48
for	him	48
for	some	46
for	this	27
for	all	26
for	us	25
for	their	22
for	such	21
for	them	21
for	there	19
for	that	18
for	an	17
for	having	17
forbearance	and	4
forbid	it	2
force	of	5
force	her	4
force	and	2
forced	to	22
forehead	and	3
forehead	the	3
foresight	and	2
forest	and	8
forest	a	2
forest	after	2
forest	for	2
forest	he	2
forest	i	2
forest	the	2
forest	until	2
forest	where	2
forget	that	4
forget	what	3
forget	how	2
forget	it	2
forgive	me	5
forgive	him	2
forgot	that	2
forgot	to	2
forgot	you	2
forgotten	the	5
forgotten	to	5
forgotten	that	2
form	of	6
form	that	3
form	he	2
form	no	2
form	such	2
formed	a	3
formed	for	3
formed	by	2
formed	some	2
formed	your	2
former	was	3
former	acquaintance	2
former	friends	2
former	he	2
former	were	2
forming	a	2
forming	an	2
forms	of	2
forster	and	5
forster	to	5
forster	the	3
forster	came	2
forster	i	2
forster	is	2
forster	will	2
forth	in	4
forth	and	2
fortnight	but	3
fortnight	and	2
fortnight	of	2
fortnight	she	2
fortunate	as	6
fortunate	enough	6
fortunate	in	4
fortunate	for	3
fortune	and	9
fortune	to	4
fortune	the	3
fortune	which	3
fortune	from	2
fortune	he	2
fortune	i	2
fortune	if	2
fortune	in	2
fortune	of	2
forty	times	2
forward	and	21
forward	to	11
forward	with	7
forward	as	4
forward	a	2
forward	in	2
forward	the	2
found	that	30
found	the	20
found	herself	16
found	in	12
found	out	12
found	it	11
found	myself	11
found	a	10
found	her	9
found	ourselves	8
found	him	7
found	she	6
found	my	5
found	themselves	5
found	at	4
found	them	4
found	to	4
found	as	3
found	himself	3
found	his	3
found	little	3
found	me	3
found	on	3
found	this	3
founded	upon	3
four	travelers	8
four	times	7
four	o'clock	6
four	and	5
four	days	4
four	hours	4
four	or	4
four	wheeler	4
four	years	4
four	dances	3
four	evenings	3
four	of	3
four	thousand	3
four	i	2
four	letters	2
four	miles	2
four	minutes	2
four	months	2
four	weeks	2
fourteen	other	2
fourteen	who	2
fourth	day	2
frank	was	4
frank	here	3
frank	baum	2
free	from	9
free	and	2
free	at	2
free	of	2
freedom	from	2
freely	and	3
freely	as	2
french	gold	2
frequently	seen	3
frequently	in	2
frequently	invited	2
frequently	together	2
fresh	and	5
fresh	air	2
fresh	from	2
fresh	in	2
fresh	life	2
fresh	source	2
fresno	street	2
fret	over	2
friend	and	21
friend	of	13
friend	mr	11
friend	had	8
friend	the	7
friend	was	6
friend	again	4
friend	but	4
friend	from	4
friend	he	4
friend	i	4
friend	as	3
friend	dr	3
friend	here	3
friend	if	3
friend	is	3
friend	rose	3
friend	sherlock	3
friend	that	3
friend	to	3
friend	with	3
friend	by	2
friend	has	2
friend	miss	2
friendly	footing	3
friendly	and	2
friends	and	16
friends	were	8
friends	at	4
friends	to	4
friends	but	3
friends	of	3
friends	who	3
friends	will	3
friends	elizabeth	2
friends	for	2
friends	i	2
friends	in	2
friends	so	2
friends	that	2
friends	the	2
friends	was	2
friends	would	2
friendship	and	2
friendship	with	2
frightened	at	5
frightened	and	3
frightened	by	3
frightened	i	3
frightened	that	3
frightened	all	2
frightened	eyes	2
frightened	to	2
fringe	of	4
frock	coat	8
from	the	284
from	his	69
from	her	64
from	a	50
from	him	32
from	my	29
from	what	26
from	it	19
from	that	19
from	mr	18
from	all	17
from	me	16
from	this	16
from	which	16
from	one	15
from	your	14
from	their	13
from	any	12
from	london	12
from	you	12
from	home	10
from	jane	10
from	such	10
from	some	9
front	of	39
front	door	4
front	room	4
fronted	the	2
fruit	trees	2
fruits	of	2
full	of	31
full	effect	2
full	justice	2
full	length	2
fuller's	earth	7
fully	dressed	2
fun	of	2
fun	said	2
funny	it'll	2
furnished	with	2
furniture	in	4
furniture	of	3
further	particulars	3
further	than	3
further	to	3
further	inquiry	2
future	i	2
g	with	2
gained	the	3
gained	by	2
gale	and	2
gallantry	and	2
game	keeper	4
game	of	3
game	the	3
game	was	2
gaped	in	2
garden	and	5
garden	at	3
garden	i	2
garden	in	2
garden	or	2
garden	there	2
garden	to	2
garden	with	2
gardeners	instantly	2
gardeners	who	2
gas	was	2
gate	and	4
gate	of	4
gate	in	2
gate	to	2
gate	which	2
gates	and	4
gates	no	2
gather	from	3
gather	about	2
gathered	around	2
gathered	round	2
gave	a	32
gave	her	19
gave	him	12
gave	me	10
gave	the	10
gave	it	9
gave	them	9
gave	way	9
gave	an	2
gave	charlotte	2
gave	dorothy	2
gave	evidence	2
gave	one	2
gave	such	2
gave	to	2
gazed	at	3
gazed	upon	2
gazing	at	4
gazing	down	2
gazing	up	2
geese	which	3
gems	and	2
general	public	3
general	air	2
general	and	2
general	s	2
general	sense	2
general	you	2
generality	of	2
generally	known	3
generally	a	2
generations	and	2
generous	and	2
generous	to	2
genial	fashion	2
gentleman	and	7
gentleman	himself	4
gentleman	with	4
gentleman	at	3
gentleman	in	3
gentleman	mr	3
gentleman	had	2
gentleman	i	2
gentleman	is	2
gentleman	or	2
gentleman	said	2
gentleman	she	2
gentleman	was	2
gentleman	who	2
gentleman	whose	2
gentleman's	daughter	2
gentlemen	accompanied	3
gentlemen	are	3
gentlemen	came	3
gentlemen	as	2
gentlemen	did	2
gentlemen	entered	2
gentlemen	from	2
gentlemen	of	2
gentlemen	to	2
gently	on	2
gently	smiling	2
george	allen	37
george's	hanover	2
german	accent	2
german	music	2
german	who	2
gesture	of	3
get	to	22
get	back	19
get	the	15
get	out	14
get	a	13
get	away	12
get	into	9
get	him	7
get	in	7
get	my	7
get	rid	7
get	on	6
get	her	5
get	home	5
get	no	5
get	over	5
get	them	5
get	hold	4
get	it	4
get	ready	4
get	husbands	3
get	there	3
get	up	3
get	used	3
gets	to	2
getting	up	5
getting	so	4
getting	on	3
getting	a	2
getting	home	2
getting	out	2
ghastly	face	2
gift	of	2
girl	and	17
girl	who	12
girl	in	7
girl	said	5
girl	to	5
girl	anxiously	4
girl	whom	4
girl	but	3
girl	for	3
girl	it	3
girl	miss	3
girl	of	3
girl	oh	3
girl	she	3
girl	that	3
girl	the	3
girl	was	3
girl	with	3
girl	as	2
girl	asked	2
girl	had	2
girl	he	2
girl	i	2
girl	if	2
girls	had	6
girls	in	4
girls	and	3
girls	of	3
girls	to	3
girls	i	2
girls	said	2
girls	too	2
girls	walked	2
girls	who	2
give	me	48
give	you	35
give	him	19
give	her	14
give	the	12
give	a	8
give	it	7
give	them	7
give	your	7
give	way	6
give	us	5
give	any	4
give	his	4
give	in	4
give	one	4
give	pleasure	4
give	to	4
give	up	4
give	an	3
give	my	3
give	and	2
give	but	2
give	over	2
give	some	2
given	me	14
given	him	12
given	to	7
given	you	7
given	her	6
given	up	5
given	it	4
given	a	3
given	by	3
given	the	3
given	and	2
given	but	2
given	in	2
given	on	2
given	them	2
given	this	2
given	us	2
given	your	2
gives	me	7
gives	you	2
giving	her	5
giving	a	3
giving	it	3
giving	you	3
giving	happiness	2
giving	him	2
giving	one	2
giving	way	2
glad	to	43
glad	of	7
glad	i	4
glad	that	4
glad	you	4
glad	he	3
glad	if	3
glad	she	3
glad	for	2
glad	the	2
gladstone	bag	2
glance	at	6
glance	that	3
glance	from	2
glance	over	2
glanced	at	10
glanced	down	4
glanced	over	2
glances	at	2
glancing	at	6
glancing	over	5
glancing	about	2
glancing	from	2
glancing	up	2
glare	of	2
glass	of	6
glass	table	3
glass	and	2
glass	in	2
glass	there	2
glasses	on	2
gleam	of	2
glimpse	of	9
gloom	and	2
gloomy	thoughts	2
glove	and	2
gloves	and	5
glow	of	3
glue	to	2
go	to	47
go	and	23
go	on	22
go	back	16
go	with	15
go	into	12
go	out	12
go	in	11
go	down	8
go	for	8
go	at	6
go	away	6
go	home	6
go	i	5
go	no	5
go	round	5
go	there	5
go	but	4
go	through	4
go	if	3
go	over	3
go	said	3
go	she	3
go	so	3
god	help	7
god	what	5
god	bless	3
god	i	3
god	he	2
god	my	2
god's	sake	3
goes	in	3
goes	to	3
goes	on	2
goes	out	2
going	to	562
going	on	15
going	away	6
going	out	4
going	and	3
going	down	3
going	the	3
going	through	3
going	up	3
going	back	2
going	forward	2
going	if	2
going	in	2
going	off	2
going	there	2
gold	and	4
gold	with	2
golden	cap	23
golden	key	7
gone	to	26
gone	and	8
gone	through	7
gone	down	5
gone	on	5
gone	we	5
gone	before	3
gone	he	3
gone	i	3
gone	into	3
gone	off	3
gone	out	3
gone	so	3
gone	the	3
gone	up	3
gone	away	2
gone	elizabeth	2
gone	far	2
gone	for	2
gone	if	2
gone	in	2
gone	jane	2
gone	with	2
gone	you	2
good	luck	508
good	night	508
good	day	505
good	afternoon	502
good	evening	502
good	morning	502
good	idea	500
good	bye	31
good	deal	23
good	as	17
good	enough	14
good	a	10
good	fortune	9
good	opinion	9
good	and	8
good	news	8
good	witch	8
good	gracious	7
good	heavens	6
good	man	6
good	of	6
good	sense	6
good	spirits	6
good	wishes	6
goodness	to	4
goodness	sake	2
goose	and	3
goose	club	2
goose	which	2
gordon	square	2
got	to	18
got	up	11
got	into	10
got	a	6
got	out	6
got	back	5
got	the	5
got	it	4
got	down	3
got	his	3
got	in	3
got	them	3
got	along	2
got	behind	2
got	beyond	2
got	him	2
got	its	2
got	no	2
got	off	2
got	over	2
got	rid	2
got	so	2
got	some	2
governess	i	2
governesses	in	2
gown	and	4
gowns	and	2
gracious	cried	3
grain	and	2
grandeur	of	2
grandfather	was	3
grandfather	and	2
grant	my	2
grants	dorothy's	2
grasp	of	3
grass	and	9
grass	was	3
grass	with	3
grass	to	2
grateful	to	9
grateful	for	2
grateful	i	2
gratified	by	3
gratified	and	2
gratifying	to	3
gratitude	and	3
gratitude	for	3
gratitude	i	2
gratitude	to	2
gratitude	which	2
grave	and	6
grave	face	2
gravel	drive	3
gravel	walk	3
gravely	and	3
gravely	i	3
gravely	that	2
gray	also	2
gray	as	2
great	deal	32
great	oz	19
great	wizard	13
great	pleasure	10
great	and	9
great	many	9
great	hurry	7
great	head	5
great	surprise	5
great	throne	5
great	a	4
great	curiosity	4
great	lion	4
great	comfort	3
great	distance	3
great	enjoyment	3
great	flock	3
great	spider	3
great	an	2
great	anxiety	2
great	astonishment	2
great	attentions	2
great	beast	2
great	box	2
greater	than	6
greater	distance	2
greatest	danger	2
greatest	of	2
greatest	part	2
greatest	pleasure	2
greatest	relief	2
greatest	satisfaction	2
greatest	wish	2
greatly	pleased	4
greatly	surprised	3
greatly	in	2
greatly	interested	2
greatness	of	2
green	girl	8
green	whiskers	8
green	silk	7
green	and	4
green	marble	4
green	color	3
green	fields	3
green	spectacles	3
green	box	2
green	but	2
green	clothes	2
green	for	2
green	glasses	2
green	glow	2
green	grass	2
green	leaves	2
green	man	2
green	ribbon	2
grew	so	5
grew	to	4
grew	up	3
grey	eyes	3
grey	cloak	2
grief	and	2
grieved	for	3
grieved	at	2
grieved	over	2
grizzled	hair	3
ground	and	6
ground	floor	3
ground	i	3
ground	then	3
ground	was	3
ground	with	3
ground	as	2
ground	but	2
ground	in	2
ground	to	2
grounds	for	3
grounds	at	2
grounds	of	2
group	of	4
grove	which	2
grow	up	4
grow	larger	2
grow	to	2
growing	and	4
growing	out	2
growl	and	2
growled	in	2
grown	up	5
grown	so	4
grown	to	2
grunted	again	2
guard	against	3
guarded	and	2
guardian	of	15
guardianship	of	2
guardsmen	who	2
guess	how	2
guess	what	2
guessed	as	2
guidance	of	2
guide	us	2
guide	you	2
guilt	but	2
guilt	of	2
guilty	of	2
guinea	pigs	4
guinea	fee	3
guinea	pig	2
gun	and	2
h	b	2
ha	you	3
ha	ha	2
ha	i	2
ha	that	2
habit	of	11
habits	and	2
habits	of	2
hackney	coach	3
had	been	370
had	not	114
had	a	95
had	no	74
had	the	55
had	never	51
had	to	40
had	seen	32
had	ever	28
had	gone	27
had	done	25
had	given	25
had	come	24
had	heard	23
had	left	23
had	she	22
had	always	21
had	better	21
had	just	20
had	made	20
had	any	19
had	brought	19
had	nothing	19
had	taken	19
hadn't	been	2
hair	and	10
hair	is	5
hair	i	3
hair	the	3
hair	to	3
hair	was	3
hair	a	2
hair	as	2
hair	had	2
hair	in	2
hair	it	2
hair	that	2
half	an	22
half	a	21
half	the	10
half	of	7
half	past	7
half	so	7
half	hour	6
half	as	3
half	hoping	3
half	to	3
half	wages	3
half	whisper	3
half	afraid	2
half	buttoned	2
half	finished	2
half	frightened	2
half	her	2
half	his	2
half	mad	2
half	my	2
half	opened	2
half	pennies	2
half	rose	2
hall	door	5
hall	and	4
hall	but	2
hall	in	2
hall	to	2
hall	which	2
hall	window	2
hammer	heads	4
hand	and	29
hand	in	9
hand	i	7
hand	upon	7
hand	he	6
hand	it	5
hand	over	4
hand	side	4
hand	the	4
hand	which	4
hand	with	4
hand	as	3
hand	is	3
hand	me	3
hand	on	3
hand	that	3
hand	to	3
hand	when	3
hand	a	2
hand	at	2
hand	but	2
hand	for	2
hand	if	2
hand	just	2
handed	it	4
handed	gentleman	2
handed	the	2
handed	them	2
handkerchief	and	2
hands	and	16
hands	in	8
hands	with	8
hands	of	7
hands	i	5
hands	he	4
hands	together	4
hands	but	3
hands	to	3
hands	up	3
hands	were	3
hands	at	2
hands	before	2
hands	into	2
hands	on	2
handsome	and	7
handsome	as	5
handsome	enough	3
handsome	but	2
handsome	girl	2
handsome	her	2
handsome	i	2
handsome	she	2
handsomer	than	3
handsomest	young	2
handy	and	2
hang	from	2
hanging	from	3
hanover	square	2
happen	to	5
happen	next	3
happen	that	3
happen	but	2
happened	to	24
happened	in	5
happened	and	4
happened	but	4
happened	i	4
happened	she	2
happened	the	2
happens	it	2
happens	to	2
happens	when	2
happiest	of	3
happiest	creature	2
happily	employed	2
happily	settled	2
happiness	and	11
happiness	of	9
happiness	to	6
happiness	in	4
happiness	she	4
happiness	were	4
happiness	i	3
happiness	which	3
happiness	but	2
happiness	could	2
happiness	nor	2
happiness	with	2
happy	birthday	500
happy	new	500
happy	to	15
happy	and	9
happy	as	5
happy	in	5
happy	for	4
happy	i	3
happy	she	3
happy	together	3
happy	with	3
happy	at	2
happy	he	2
happy	however	2
happy	if	2
happy	manners	2
happy	said	2
happy	they	2
happy	woman	2
hard	to	13
hard	as	10
hard	at	6
hard	for	4
hard	and	3
hard	work	3
hard	during	2
hard	indeed	2
hard	it	2
hard	man	2
hard	on	2
hard	that	2
harder	than	3
hardly	know	9
hardly	be	7
hardly	have	7
hardly	a	5
hardly	knew	4
hardly	ever	3
hardly	help	3
hardly	bear	2
hardly	believe	2
hardly	enough	2
hardly	expect	2
hardly	explain	2
hardly	finished	2
hardly	get	2
hardly	keep	2
hardly	knowing	2
hardly	out	2
hardly	room	2
hardly	see	2
hardly	tell	2
hardly	think	2
hare	said	4
hare	alice	2
hare	and	2
hare	interrupted	2
hare	it	2
hare	went	2
harm	but	2
harm	done	2
harm	in	2
harm	of	2
harm	to	2
harmony	and	2
has	been	130
has	not	34
has	a	18
has	done	12
has	no	11
has	she	10
has	made	9
has	the	9
has	ever	8
has	had	8
has	happened	8
has	always	7
has	come	7
has	got	7
has	never	7
has	given	6
has	taken	6
has	already	5
has	left	5
has	now	5
has	seen	5
has	turned	5
has	broken	4
has	he	4
haste	and	5
hastened	to	3
hastily	i	2
hastily	replied	2
hat	and	13
hat	he	3
hat	of	3
hat	a	2
hat	but	2
hat	in	2
hat	mr	2
hat	on	2
hat	securer	2
hat	upon	2
hat	was	2
hate	to	2
hated	me	2
hats	and	2
hatter	and	5
hatter	he	3
hatter	i	3
hatter	was	3
hatter	went	3
hatter	you	3
hatter	it	2
hatter	said	2
hatter	with	2
have	a	1091
have	time	504
have	been	296
have	no	84
have	you	66
have	the	64
have	not	52
have	done	42
have	had	42
have	to	37
have	heard	36
have	made	28
have	given	27
have	seen	26
have	come	24
have	already	21
have	never	21
have	it	20
have	ever	18
have	gone	17
have	got	16
have	just	16
have	nothing	16
have	some	15
haven't	the	6
having	been	15
having	a	14
having	the	6
having	done	5
having	ever	5
having	no	4
having	seen	4
having	an	3
having	had	3
having	heard	3
having	it	3
having	left	3
having	once	3
having	taken	3
having	to	3
having	another	2
having	cleared	2
having	found	2
having	in	2
having	met	2
having	nothing	2
having	one	2
having	promised	2
having	read	2
he	was	367
he	had	333
he	is	173
he	has	114
he	said	103
he	could	92
he	would	83
he	did	58
he	might	49
he	will	45
he	asked	39
he	must	37
he	should	37
he	came	32
he	spoke	32
he	took	28
he	answered	27
he	looked	26
he	never	26
he	walked	24
he	and	22
he	went	22
he	continued	21
he	i	21
he'll	be	2
he's	a	7
he's	not	3
head	and	28
head	to	11
head	of	10
head	she	9
head	i	8
head	but	6
head	is	6
head	in	5
head	on	5
head	sunk	5
head	was	5
head	which	5
head	with	5
head	it	4
head	off	4
head	over	4
head	that	4
head	as	3
head	at	3
head	from	3
head	he	3
head	impatiently	3
head	so	3
head	the	3
headed	league	7
headed	men	5
headed	and	2
headed	man	2
heading	to	29
heads	down	3
heads	of	3
heads	and	2
heads	like	2
health	and	8
health	of	2
heap	of	2
hear	of	13
hear	the	13
hear	it	10
hear	you	8
hear	that	7
hear	a	6
hear	what	6
hear	her	4
hear	him	4
hear	all	3
hear	me	3
hear	your	3
hear	and	2
hear	from	2
hear	his	2
hear	i	2
hear	in	2
hear	lady	2
hear	more	2
hear	such	2
hear	too	2
heard	of	36
heard	a	28
heard	the	26
heard	it	13
heard	that	11
heard	from	8
heard	her	8
heard	in	8
heard	you	8
heard	him	7
heard	nothing	6
heard	by	4
heard	me	4
heard	mr	4
heard	something	4
heard	anything	3
heard	his	3
heard	much	3
heard	them	3
heard	what	3
heard	all	2
heard	an	2
heard	and	2
heard	my	2
hearing	that	5
hearing	it	4
hearing	her	3
hearing	herself	3
hearing	the	3
hearing	from	2
hearing	this	2
hearing	you	2
hears	that	2
heart	and	12
heart	i	9
heart	said	8
heart	of	7
heart	she	6
heart	in	5
heart	that	5
heart	you	5
heart	but	4
heart	to	4
heart	for	3
heart	it	3
heart	or	3
heart	was	3
heart	at	2
heart	disease	2
heart	had	2
heart	is	2
heart	rattling	2
heart	so	2
heart	than	2
heart	the	2
heart	very	2
heart	which	2
heartily	at	3
heartily	ashamed	2
heartily	sorry	2
hearts	and	2
hearts	he	2
hearty	meal	2
hearty	supper	2
heaven	forbid	2
heaven's	sake	3
heavens	cried	3
heavens	i	3
heavily	into	2
heavy	and	3
heavy	a	2
heavy	roads	2
heavy	they	2
heavy	to	2
heavy	with	2
heedless	of	2
heels	in	2
heels	of	2
height	to	2
heightened	complexion	2
heightened	into	2
held	out	6
held	it	5
held	up	5
held	in	4
held	the	4
held	toto	3
held	a	2
held	him	2
helen	stoner	2
hello	how	500
hello	world	500
help	you	1007
help	me	519
help	it	9
help	to	8
help	her	7
help	us	6
help	and	5
help	him	5
help	of	5
help	the	5
help	laughing	4
help	feeling	3
help	saying	3
help	that	3
help	dorothy	2
help	smiling	2
help	suspecting	2
helped	the	3
helped	her	2
helped	herself	2
helped	him	2
hence	it	2
henry	baker	9
henry	and	2
her	and	95
her	to	92
her	own	86
her	sister	82
her	mother	61
her	head	42
her	husband	42
her	in	42
her	eyes	41
her	father	40
her	she	39
her	that	39
her	but	38
her	face	35
her	with	33
her	family	31
her	the	31
her	for	29
her	a	26
her	daughter	25
her	hand	25
her	as	23
her	brother	23
her	ladyship	23
here	is	27
here	and	25
here	i	15
here	he	13
here	to	10
here	are	9
here	in	9
here	it	9
here	the	9
here	we	8
here	said	7
here	she	7
here	as	6
here	again	5
here	on	5
here	was	5
here	you	5
here	that	4
here	they	4
here	with	4
here	before	3
here	mr	3
here	or	3
here	yes	3
here's	a	2
hereafter	you	2
hero	and	2
heroine	are	2
heroines	of	2
hers	she	2
herself	and	41
herself	in	20
herself	to	19
herself	as	14
herself	she	14
herself	the	11
herself	that	9
herself	with	9
herself	at	8
herself	for	8
herself	called	7
herself	i	7
herself	but	6
herself	so	6
herself	by	5
herself	on	5
herself	a	4
herself	of	4
herself	was	4
herself	agreeable	3
herself	his	3
herself	how	3
herself	it	3
herself	mrs	3
hesitated	for	2
hesitation	in	4
hid	behind	2
hide	a	2
high	and	7
high	road	5
high	but	3
high	she	3
high	arched	2
high	as	2
high	in	2
high	on	2
high	spirits	2
high	thin	2
high	time	2
high	woody	2
higher	than	3
higher	and	2
highest	opinion	4
highest	pitch	2
highly	gratified	3
highly	expedient	2
highly	in	2
highly	incensed	2
highly	said	2
hill	and	4
hill	i	2
hill	of	2
him	to	140
him	and	109
him	in	76
him	i	47
him	but	40
him	the	38
him	he	34
him	a	32
him	that	31
him	with	29
him	as	28
him	for	26
him	at	25
him	from	24
him	she	21
him	of	18
him	so	18
him	when	18
him	it	15
him	there	15
him	up	14
him	by	12
him	into	12
him	again	10
himself	to	24
himself	and	23
himself	in	13
himself	as	7
himself	at	6
himself	down	6
himself	he	6
himself	with	6
himself	by	5
himself	i	5
himself	if	5
himself	on	5
himself	up	5
himself	for	4
himself	it	4
himself	out	4
himself	that	4
himself	into	3
himself	no	3
himself	so	3
himself	the	3
himself	upon	3
himself	a	2
himself	agreeable	2
hint	to	4
hint	and	3
hint	of	3
hint	but	2
his	own	78
his	head	69
his	eyes	64
his	wife	51
his	face	50
his	hand	45
his	friend	38
his	hands	36
his	chair	31
his	sister	30
his	father	27
his	friends	20
his	character	19
his	lips	19
his	sisters	19
his	long	16
his	mind	16
his	son	16
his	being	15
his	coming	14
his	cousin	14
his	letter	14
his	life	14
his	name	14
history	of	6
history	and	3
history	i	2
hit	her	2
hit	it	2
hit	upon	2
hoarsely	all	2
hold	of	9
hold	it	6
hold	your	4
hold	her	2
hold	out	2
hold	up	2
holder	said	4
holder	i	3
holder	of	3
holder	and	2
holder	that	2
holder	we	2
holding	her	3
holding	it	2
holding	my	2
holding	out	2
hole	and	5
hole	in	3
holes	and	2
hollow	of	2
holmes	i	31
holmes	and	24
holmes	had	16
holmes	was	15
holmes	that	14
holmes	as	13
holmes	the	13
holmes	you	9
holmes	it	8
holmes	laughing	8
holmes	said	8
holmes	sat	8
holmes	he	6
holmes	when	6
holmes	with	6
holmes	for	5
holmes	in	5
holmes	oh	5
holmes	this	5
holmes	answered	4
holmes	quietly	4
holmes	she	4
holmes	shook	4
holmes	took	4
home	and	18
home	in	9
home	again	8
home	to	7
home	the	6
home	with	6
home	i	5
home	at	3
home	but	3
home	was	3
home	a	2
home	before	2
home	elizabeth	2
home	for	2
home	from	2
home	he	2
home	how	2
home	illustration	2
home	instantly	2
home	of	2
home	said	2
home	she	2
home	this	2
home	we	2
hookah	out	3
hope	of	24
hope	that	21
hope	to	19
hope	you	15
hope	it	8
hope	and	6
hope	we	5
hope	he	4
hope	i	4
hope	at	3
hope	for	3
hope	in	3
hope	mr	3
hope	as	2
hope	my	2
hope	not	2
hope	said	2
hope	so	2
hope	the	2
hope	there	2
hope	they	2
hope	though	2
hope	was	2
hope	which	2
hoped	to	6
hoped	that	4
hoped	it	3
hopeless	of	2
hopes	of	8
hopes	that	5
hopes	and	4
hopes	which	2
hoping	that	3
hoping	to	2
horrible	affair	2
horrid	man	2
horrify	me	2
horror	and	4
horror	i	2
horror	of	2
horse	and	4
horse's	head	2
horses	were	4
horses	and	2
horses	hoofs	2
horses	to	2
hot	upon	4
hot	air	3
hot	day	2
hotel	cosmopolitan	3
hotel	where	3
hour	and	7
hour	or	7
hour	we	5
hour	after	3
hour	in	3
hour	of	3
hour	when	3
hour	ago	2
hour	but	2
hour	he	2
hour	i	2
hour	the	2
hour	to	2
hour	was	2
hour	without	2
hours	of	9
hours	i	5
hours	a	3
hours	and	3
hours	to	3
hours	before	2
hours	he	2
hours	in	2
hours	passed	2
hours	the	2
hours	together	2
house	and	37
house	in	16
house	i	13
house	as	9
house	of	9
house	with	9
house	the	8
house	was	8
house	at	7
house	but	7
house	he	6
house	it	6
house	where	6
house	which	5
house	again	4
house	for	4
house	is	4
house	on	4
house	she	4
house	that	4
house	they	4
house	illustration	3
house	there	3
house	to	3
household	and	2
housekeeper	came	2
housekeeper's	room	2
houses	and	6
houses	of	3
how	are	1007
how	can	524
how	to	31
how	could	23
how	much	23
how	he	20
how	did	17
how	i	17
how	it	15
how	do	14
how	long	14
how	she	14
how	many	13
how	the	13
how	far	10
how	is	9
how	you	9
how	little	8
how	very	7
how	was	7
how	about	6
how	am	6
how	shall	6
how	strange	5
however	i	20
however	and	19
however	that	18
however	she	16
however	was	14
however	to	12
however	he	11
however	the	10
however	with	8
however	as	7
however	it	7
however	for	6
however	they	6
however	at	5
however	by	5
however	in	5
however	did	4
however	when	4
however	which	4
however	before	3
however	little	3
however	there	3
however	this	3
however	had	2
huddled	up	2
hudson	has	2
hugh	boone	4
hugh	thomson	2
hum	said	2
human	being	4
human	nature	4
humanity	and	2
humble	abode	5
humble	parsonage	2
humility	of	2
hundred	a	6
hundred	pounds	6
hundred	yards	3
hundred	years	2
hundreds	of	5
hung	down	2
hungry	for	2
hunter	do	2
hunter	i	2
hunting	crop	5
hunting	about	2
hurled	it	2
hurried	into	5
hurried	off	4
hurried	from	3
hurried	away	2
hurried	back	2
hurried	by	2
hurried	forward	2
hurried	to	2
hurried	up	2
hurry	to	7
hurry	and	6
hurry	as	2
hurry	i	2
hurrying	down	2
hurst	and	12
hurst	had	2
hurt	the	5
hurt	by	4
hurt	a	3
hurt	me	3
hurt	you	3
hurt	and	2
hurt	anyone	2
hurt	his	2
hurt	if	2
hurts	my	2
husband	and	5
husband	at	3
husband	was	3
husband	who	3
husband	by	2
husband	her	2
husband	i	2
husband	is	2
husband	it	2
husband	she	2
husband's	hand	2
hush	the	2
hydraulic	engineer	5
hydraulic	press	3
i	am	2586
i	think	652
i	will	652
i	can	624
i	know	607
i	would	579
i	have	543
i	want	528
i	understand	527
i	need	506
i	love	504
i	help	503
i	agree	501
i	was	290
i	shall	244
i	had	239
i	should	230
i	do	164
i	could	151
i	cannot	106
i	must	101
i	hope	76
i	thought	72
i	never	68
i'd	have	3
i'd	rather	3
i'd	nearly	2
i'll	tell	7
i'll	have	6
i'll	try	6
i'll	go	5
i'll	take	4
i'll	be	2
i'll	do	2
i'll	give	2
i'll	just	2
i'll	make	2
i'll	set	2
i'll	stay	2
i'm	not	15
i'm	sure	11
i'm	a	10
i'm	afraid	9
i'm	glad	4
i'm	mad	3
i'm	sorry	3
i'm	the	3
i'm	very	3
i'm	in	2
i'm	on	2
i'm	too	2
i've	got	7
i've	been	6
i've	had	5
i've	tried	5
i've	seen	3
i've	heard	2
i've	often	2
idea	of	33
idea	that	9
idea	was	5
idea	what	5
idea	and	4
idea	came	4
idea	how	3
idea	said	3
idea	it	2
idea	to	2
ideas	of	3
identified	as	2
idle	and	4
idle	one	2
idleness	and	2
if	you	197
if	i	138
if	he	106
if	it	59
if	she	58
if	the	36
if	they	30
if	we	26
if	not	15
if	that	13
if	there	12
if	your	12
if	a	10
if	this	9
if	my	7
if	her	5
if	his	5
if	any	4
if	ever	4
if	possible	4
if	to	4
if	anyone	3
if	darcy	3
if	dorothy	3
ignorance	and	5
ignorance	of	3
ignorant	of	10
ignorant	idle	2
ii	the	6
iii	a	4
iii	how	2
ill	of	16
ill	and	6
ill	judged	4
ill	qualified	3
ill	that	3
ill	usage	3
ill	used	3
ill	will	3
ill	nature	2
ill	opinion	2
ill	success	2
ill	treatment	2
illustration	chapter	24
illustration	the	22
illustration	elizabeth	10
illustration	mr	8
illustration	i	6
illustration	when	5
illustration	to	4
illustration	at	3
illustration	he	3
illustration	m	3
illustration	on	3
illustration	a	2
illustration	after	2
illustration	as	2
illustration	but	2
illustration	elizabeth's	2
illustration	in	2
illustration	protested	2
illustration	they	2
illustration	with	2
imagination	a	2
imagine	that	13
imagine	how	6
imagine	what	5
imagine	it	4
imagine	but	3
imagine	i	3
imagine	mr	3
imagine	a	2
imagine	from	2
imagined	that	3
immediately	and	8
immediately	before	4
immediately	began	3
immediately	said	3
immediately	that	3
immediately	met	2
immediately	suppressed	2
immediately	to	2
impatience	for	2
impatience	to	2
impatient	to	4
impatient	for	2
impatiently	and	3
impenetrably	grave	2
importance	in	6
importance	and	5
importance	but	5
importance	to	4
importance	of	3
importance	that	3
importance	i	2
importance	which	2
important	and	6
important	as	2
important	the	2
important	to	2
imposed	on	3
impossible	for	16
impossible	to	14
impossible	that	4
impossible	it	3
impossible	not	3
impossible	but	2
impossible	in	2
impossible	or	2
impossible	said	2
impossible	the	2
impressed	me	4
impressed	by	2
impression	of	6
impression	on	4
impression	upon	4
impression	that	3
impropriety	of	6
improved	and	2
improved	by	2
improved	in	2
improvement	of	5
imprudence	of	5
imprudence	in	2
imprudent	and	3
imprudent	a	2
imprudent	as	2
impulse	of	4
imputed	to	2
in	the	2154
in	a	443
in	his	216
in	her	158
in	my	134
in	this	101
in	which	93
in	it	60
in	that	54
in	an	53
in	your	50
in	such	49
in	all	47
in	their	46
in	front	42
in	one	42
in	love	41
in	spite	39
in	every	35
in	town	35
in	london	32
in	any	29
in	some	29
in	its	28
inattentive	to	2
incapable	of	10
inches	high	4
inches	deep	2
incident	of	3
incidents	of	2
incidents	which	2
incisive	reasoning	2
inclination	to	4
inclination	of	3
inclination	he	2
inclined	to	15
income	he	3
income	as	2
income	of	2
inconsistency	of	2
inconvenience	to	3
inconvenience	as	2
increased	by	4
increased	and	2
increased	at	2
incredulity	and	2
incumbent	on	3
indebted	to	7
indebted	for	3
indeed	i	20
indeed	said	17
indeed	and	13
indeed	it	10
indeed	a	9
indeed	you	9
indeed	the	8
indeed	cried	7
indeed	he	6
indeed	that	5
indeed	to	5
indeed	at	4
indeed	if	4
indeed	replied	4
indeed	she	4
indeed	but	3
indeed	in	3
indeed	mr	3
indeed	my	3
indeed	was	3
indeed	answered	2
indeed	been	2
indeed	before	2
indeed	our	2
india	he	2
indian	cigar	2
indian	cigars	2
indicated	that	2
indifference	and	5
indifference	he	2
indifferent	and	3
indifferent	to	2
indignation	at	2
indignation	would	2
indirect	boast	2
induce	me	2
indulge	in	2
indulgence	of	2
inevitable	and	2
inferiority	of	3
infinitely	better	2
infinitely	superior	2
influence	of	7
influence	over	4
influence	him	3
influence	her	2
inform	them	5
inform	me	3
inform	him	2
information	and	6
information	of	5
information	he	3
information	as	2
information	in	2
information	that	2
information	was	2
information	which	2
informed	by	3
informed	that	3
informed	me	2
initials	h	2
initials	of	2
injured	man	2
injurious	to	2
injury	to	2
injustice	to	2
ink	upon	2
ink	which	2
inn	and	2
inn	which	2
innocence	in	2
innocence	it	2
innocent	i	3
innocent	man	2
innocent	who	2
innocent	why	2
inquire	after	2
inquire	of	2
inquired	the	8
inquired	after	2
inquired	of	2
inquiries	after	5
inquiries	which	5
inquiries	as	4
inquiries	on	2
inquiries	to	2
inquiring	of	2
inquiry	and	4
inquiry	after	3
inquiry	i	2
inquiry	on	2
insensibility	of	2
insensible	of	2
inside	the	6
inside	of	4
insight	into	2
insist	upon	5
insist	on	2
insisted	upon	2
insists	upon	2
inspection	of	3
inspector	bradstreet	5
inspector	and	4
inspector	he	2
inspector	was	2
instance	of	6
instances	i	2
instant	to	5
instant	and	4
instant	i	4
instant	that	4
instant	the	3
instant	she	2
instantly	to	5
instantly	and	4
instantly	gave	3
instantly	as	2
instantly	occurred	2
instantly	on	2
instantly	resolved	2
instead	of	38
insufficient	to	4
insult	me	2
integrity	nor	2
intelligence	of	6
intelligence	to	2
intended	to	13
intended	for	2
intending	to	7
intention	of	15
intention	to	3
intention	i	2
interest	in	12
interest	of	6
interest	to	6
interest	but	4
interest	you	4
interest	which	3
interest	and	2
interest	for	2
interest	i	2
interest	than	2
interest	with	2
interested	in	10
interested	people	2
interesting	and	3
interesting	one	3
interesting	case	2
interesting	it	2
interesting	statement	2
interesting	study	2
interesting	than	2
interesting	the	2
interference	in	3
interference	of	2
interrupt	you	2
interrupted	by	4
interrupted	in	2
interrupted	the	2
interrupting	you	2
interval	of	3
intervals	of	4
interview	with	5
interview	but	2
intimacy	with	3
intimacy	and	2
intimate	friend	3
intimate	friends	3
intimate	terms	2
intimately	acquainted	2
into	the	253
into	a	77
into	her	20
into	his	20
into	my	20
into	it	16
into	an	10
into	your	10
into	its	9
into	this	6
into	that	4
into	town	4
into	alice's	3
into	another	3
into	any	3
into	conversation	3
into	shape	3
into	their	3
into	court	2
into	custody	2
into	hers	2
into	one	2
into	silence	2
into	something	2
introduce	you	5
introduce	him	3
introduce	some	2
introduced	to	4
introducing	him	2
introduction	of	2
introspective	fashion	2
invaluable	but	2
invariably	locked	2
invent	a	2
investigation	which	4
investigations	and	2
invisible	to	2
invitation	to	9
invitation	was	5
invitation	for	3
invitation	from	3
invitation	and	2
invitation	with	2
invite	him	4
invite	them	2
invited	her	3
invited	them	3
invited	to	3
invited	and	2
involved	in	4
irene	adler	14
iron	safe	3
iron	gates	2
is	a	758
is	the	648
is	your	528
is	important	504
is	not	140
is	very	66
is	to	65
is	no	55
is	it	54
is	that	47
is	all	36
is	in	36
is	my	35
is	so	32
is	an	31
is	nothing	29
is	quite	29
is	of	28
is	as	27
is	now	24
is	only	24
is	he	21
is	always	19
is	i	19
island	of	2
isn't	a	4
isn't	as	2
isn't	it	2
isn't	the	2
it	is	1604
it	was	679
it	works	500
it	would	151
it	and	131
it	to	87
it	i	80
it	had	76
it	will	63
it	in	60
it	as	59
it	must	55
it	all	48
it	has	44
it	said	44
it	but	43
it	may	42
it	the	40
it	he	38
it	seems	38
it	might	36
it	out	36
it	seemed	35
it	with	33
it'll	be	2
it'll	never	2
it'll	seem	2
it's	a	20
it's	the	8
it's	no	5
it's	all	4
it's	always	3
it's	as	3
it's	not	3
it's	very	3
it's	an	2
it's	done	2
it's	getting	2
it's	only	2
it's	pleased	2
it's	worth	2
its	being	12
its	head	10
its	own	8
its	mouth	7
its	body	6
its	contents	6
its	eyes	6
its	face	4
its	value	4
its	way	4
its	arms	3
its	crop	3
its	effect	3
its	feet	3
its	master	3
its	neck	3
its	object	3
its	owner	3
its	back	2
its	banks	2
its	beauty	2
its	branches	2
its	continuance	2
its	contraction	2
itself	and	7
itself	a	2
itself	in	2
itself	over	2
itself	the	2
itself	then	2
itself	up	2
itself	upon	2
itself	was	2
iv	the	6
ix	the	6
jack	in	2
jacket	and	2
jacket	i	2
james	mccarthy	4
james	and	2
james	ryder	2
james's	hall	2
jane	and	31
jane	was	22
jane	had	20
jane	to	15
jane	i	12
jane	she	10
jane	who	10
jane	in	9
jane	but	6
jane	would	6
jane	as	4
jane	could	4
jane	looked	4
jane	on	4
jane	with	4
jane	happened	3
jane	he	3
jane	said	3
jane	that	3
jane	what	3
jane	will	3
jane	you	3
jane	again	2
jane	make	2
jane's	feelings	2
jane's	happiness	2
january	and	2
jaws	so	2
jealousy	had	2
jerked	his	2
jewel	case	4
jewel	robbery	2
jewels	every	2
job	and	2
john	clay	6
john	swain	2
john	turner	2
join	the	12
join	in	7
join	his	3
join	him	2
joined	by	9
joined	them	9
joined	her	4
joined	in	3
joined	the	2
joined	to	2
joined	us	2
joining	in	3
joints	of	2
joints	would	2
jones	it	2
jones	with	2
journey	and	9
journey	to	5
journey	was	5
journey	i	4
journey	the	3
journey	for	2
journey	from	2
journey	hither	2
journey	once	2
journey	through	2
journey	would	2
joy	and	3
joy	was	3
joy	at	2
judge	for	3
judge	from	2
judge	would	2
judge	you	2
judged	it	3
judgment	in	2
judgment	the	2
julia	and	2
jump	over	3
jumped	up	4
jumped	out	3
jumping	up	2
jurors	were	2
jury	box	4
jury	all	3
jury	had	2
just	as	61
just	a	15
just	now	14
just	been	11
just	before	9
just	the	9
just	at	8
just	then	7
just	like	6
just	to	6
just	what	6
just	possible	5
just	in	4
just	returned	4
just	above	3
just	beginning	3
just	begun	3
just	come	3
just	left	3
just	received	3
just	such	3
just	two	3
just	after	2
just	and	2
justice	to	4
justice	of	3
justice	i	2
justified	by	2
justified	in	2
justify	her	2
k	k	12
k	and	2
kansas	and	9
kansas	said	5
kansas	where	4
kansas	again	3
kansas	for	3
kansas	cried	2
kansas	that	2
keen	as	2
keenly	at	3
keenly	on	2
keep	the	11
keep	your	7
keep	a	6
keep	it	5
keep	my	5
keep	you	5
keep	him	4
keep	away	3
keep	back	3
keep	her	3
keep	his	3
keep	on	3
keep	charlotte	2
keep	them	2
keep	up	2
keeper	of	2
keeping	him	3
keeps	a	2
kent	and	2
kept	a	5
kept	on	5
kept	her	4
kept	all	2
kept	and	2
kept	back	2
kept	from	2
kept	in	2
kept	the	2
kept	up	2
key	and	5
key	in	4
key	was	4
key	of	2
key	that	2
keys	and	2
keys	in	2
kick	and	2
kid	gloves	5
kill	the	6
kill	her	2
kill	it	2
killed	the	7
killed	anything	3
killed	and	2
kind	of	37
kind	to	13
kind	and	6
kind	as	3
kind	but	2
kind	enough	2
kind	i	2
kind	in	2
kind	miss	2
kind	she	2
kind	stork	2
kindly	and	2
kindly	given	2
kindly	put	2
kindly	turn	2
kindness	to	11
kindness	of	7
kindness	was	3
kindness	he	2
kindness	in	2
kindness	she	2
kinds	of	2
king	of	19
king	and	15
king	said	9
king	the	6
king	crow	3
king	i	3
king	is	3
king	bowed	2
king	had	2
king	nothing	2
king	that	2
king	with	2
kingdom	of	2
kingdom	to	2
kiss	and	3
kissed	her	3
kissed	the	3
kissed	him	2
kitchen	door	4
kitchen	floor	2
kitty	and	14
kitty	who	4
kitty	is	3
kitty	was	3
kitty	for	2
kitty	fretfully	2
kitty	has	2
kitty	i	2
kitty	though	2
kitty	were	2
knave	of	3
knee	and	2
knees	as	2
knew	that	38
knew	how	11
knew	the	11
knew	not	9
knew	what	9
knew	it	7
knew	nothing	6
knew	of	5
knew	at	3
knew	but	3
knew	he	3
knew	her	3
knew	to	3
knew	him	2
knew	i	2
knew	my	2
knew	she	2
knew	so	2
knew	they	2
knew	very	2
knew	was	2
knew	well	2
knew	where	2
knew	who	2
knife	and	2
knock	the	2
knock	you	2
knocked	at	3
knot	of	2
know	what	568
know	that	64
know	how	24
know	it	23
know	the	20
know	i	17
know	where	15
know	not	13
know	of	13
know	all	12
know	and	11
know	when	11
know	my	10
know	whether	10
know	him	9
know	said	9
know	you	8
know	but	7
know	nothing	7
know	so	7
know	who	7
know	anything	6
know	no	6
know	this	6
knowing	what	8
knowing	that	4
knowing	anything	3
knowing	how	3
knowing	any	2
knowing	her	2
knowing	it	2
knowing	more	2
knowledge	of	21
knowledge	which	4
knowledge	and	3
knowledge	as	2
knowledge	was	2
known	to	16
known	him	6
known	that	6
known	the	6
known	as	5
known	her	4
known	it	4
known	and	2
known	each	2
known	for	2
known	nothing	2
known	she	2
known	what	2
known	you	2
knows	him	3
knows	it	3
knows	what	2
l	frank	2
label	with	2
labyrinth	of	3
ladder	was	3
ladies	of	7
ladies	were	7
ladies	who	7
ladies	in	6
ladies	and	4
ladies	copyright	3
ladies	to	3
ladies	all	2
ladies	are	2
ladies	fancies	2
ladies	have	2
ladies	i	2
ladies	not	2
ladies	set	2
ladies	that	2
ladies	with	2
lady	catherine	106
lady	lucas	18
lady	catherine's	16
lady	and	13
lady	who	10
lady	i	8
lady	to	6
lady	in	5
lady	st	5
lady	but	4
lady	had	4
lady	is	4
lady	was	4
lady	anne	2
lady	as	2
lady	came	2
lady	could	2
lady	for	2
lady	has	2
lady	like	2
lady	of	2
lady	said	2
lady	she	2
lady	there	2
ladyship	and	4
ladyship	to	2
ladyship	was	2
ladyship	you	2
ladyship's	carriage	2
lagged	behind	2
laid	out	8
laid	down	4
laid	it	4
laid	the	4
laid	her	3
laid	on	3
laid	a	2
laid	for	2
laid	his	2
lakes	and	2
lament	over	2
lamp	and	6
lamp	i	2
lamp	in	2
lancaster	gate	2
land	of	23
land	and	3
landlord	and	2
lane	she	4
lane	and	3
lane	where	3
lane	which	3
lane	but	2
lane	in	2
lane	london	2
lane	so	2
lantern	and	5
lap	and	5
large	and	5
large	party	5
large	fortune	4
large	a	3
large	as	3
large	for	3
large	iron	3
large	blue	2
large	eyes	2
large	number	2
large	one	2
large	sums	2
large	villa	2
large	woman	2
larger	than	5
larger	and	2
larger	but	2
larger	i	2
last	night	21
last	and	10
last	i	9
last	week	8
last	he	7
last	the	7
last	time	7
last	few	6
last	she	6
last	year	6
last	they	5
last	but	4
last	however	4
last	it	4
last	letter	4
last	of	4
last	on	4
last	summer	4
last	that	4
last	with	4
last	came	3
last	day	3
last	monday	3
last	november	3
late	mr	7
late	to	4
late	in	3
late	and	2
late	but	2
late	it	2
late	master's	2
late	now	2
lately	i	2
lately	married	2
later	i	4
later	and	2
later	editions	2
later	in	2
later	than	2
later	we	2
latest	update	500
latter	of	4
latter	was	3
latter	and	2
latter	it	2
latter	with	2
laugh	at	9
laugh	and	5
laugh	miss	2
laugh	they	2
laugh	when	2
laughed	heartily	6
laughed	at	5
laughed	and	4
laughed	he	2
laughed	i	2
laughed	in	2
laughed	so	2
laughed	until	2
laughed	very	2
laughing	at	8
laughing	and	6
laughing	but	2
laughing	i	2
laughing	it	2
laughter	i	3
laurel	bushes	2
law	and	4
law	a	3
law	but	2
law	cannot	2
law	i	2
law	of	2
law	was	2
lawn	i	4
lawn	and	2
lawn	in	2
lay	down	14
lay	upon	9
lay	the	4
lay	awake	3
lay	his	3
lay	on	3
lay	all	2
lay	at	2
lay	back	2
lay	to	2
lay	your	2
laying	down	2
lead	me	3
lead	you	3
lead	the	2
lead	to	2
lead	up	2
leader	of	4
leading	to	2
league	and	2
league	i	2
league	of	2
league	on	2
leaned	back	4
leaning	back	5
leaning	against	3
learn	english	500
learn	to	4
learn	from	2
learn	it	2
learn	some	2
learn	the	2
learn	what	2
learned	that	5
learned	all	2
learned	to	2
learning	to	2
least	a	7
least	that	5
least	to	5
least	as	4
least	it	4
least	of	4
least	an	3
least	i	3
least	said	3
least	and	2
least	chance	2
least	have	2
least	if	2
least	not	2
least	you	2
leather	bag	2
leather	shoes	2
leave	the	18
leave	it	14
leave	to	14
leave	her	11
leave	him	6
leave	of	6
leave	off	5
leave	you	5
leave	any	4
leave	me	3
leave	your	3
leave	a	2
leave	elizabeth	2
leave	his	2
leave	in	2
leave	kent	2
leave	london	2
leave	that	2
leaves	and	3
leaves	in	3
leaves	that	2
leaves	the	2
leaving	the	5
leaving	her	4
leaving	them	3
leaving	his	2
leaving	home	2
leaving	me	2
led	to	16
led	into	9
led	the	7
led	her	4
led	him	4
led	them	4
led	me	3
led	down	2
led	us	2
lee	in	2
left	the	20
left	to	15
left	them	10
left	her	8
left	him	8
left	a	7
left	me	6
left	off	6
left	us	6
left	in	5
left	by	4
left	foot	4
left	hand	4
left	you	4
left	brighton	3
left	handed	3
left	his	3
left	it	3
left	my	3
left	of	3
left	side	3
left	alone	2
left	arm	2
left	behind	2
leg	and	5
leg	i	2
leg	out	2
legged	with	2
legs	and	6
legs	as	3
legs	in	2
legs	until	2
legs	were	2
leisure	to	7
leisure	and	2
leisure	for	2
length	however	6
length	of	6
length	they	4
length	by	3
length	she	3
length	the	2
lens	and	3
lens	in	2
less	than	29
less	of	4
less	so	4
less	agreeable	3
less	amiable	2
less	certain	2
less	his	2
less	in	2
less	interesting	2
less	likely	2
less	to	2
lessons	in	2
lessons	the	2
lessons	to	2
lest	she	3
lest	the	3
lestrade	of	4
lestrade	with	3
lestrade	you	3
lestrade	as	2
lestrade	laughed	2
lestrade	looked	2
lestrade	shrugged	2
let	me	1068
let	us	549
let	the	14
let	them	9
let	her	7
let	him	7
let	you	7
let	it	3
let	mr	3
let	down	2
let	this	2
let	your	2
let's	try	2
letter	from	14
letter	and	12
letter	was	10
letter	to	7
letter	which	7
letter	of	5
letter	arrived	4
letter	had	4
letter	in	4
letter	is	4
letter	she	4
letter	that	4
letter	the	4
letter	he	3
letter	with	3
letter	a	2
letter	as	2
letter	away	2
letter	but	2
letter	did	2
letter	for	2
letter	i	2
letter	k	2
letter	nor	2
letters	were	4
letters	which	4
letters	from	3
letters	are	2
letters	for	2
letters	of	2
letters	to	2
letting	them	2
letting	you	2
lewis	de	3
liable	to	2
liberally	bestowed	2
liberty	of	7
liberty	to	2
library	he	3
library	to	3
library	in	2
library	she	2
library	where	2
library	you	2
lie	down	6
lies	in	2
life	and	12
life	is	9
life	of	7
life	in	6
life	to	5
life	you	5
life	i	4
life	was	4
life	but	3
life	has	3
life	he	3
life	it	3
life	saw	3
life	she	3
life	that	3
life	as	2
life	could	2
life	had	2
life	how	2
life	may	2
life	very	2
life	when	2
life	would	2
lift	up	3
lifted	up	3
lifted	him	2
lifted	the	2
light	mode	500
light	and	7
light	of	7
light	upon	5
light	i	4
light	in	4
light	a	3
light	as	3
light	from	3
light	now	3
light	that	3
light	which	3
light	among	2
light	for	2
light	green	2
light	he	2
light	it	2
light	shone	2
light	sprang	2
like	to	1043
like	a	58
like	the	26
like	that	21
like	it	17
like	her	10
like	him	8
like	you	8
like	an	6
like	one	6
like	them	6
like	this	6
like	those	6
like	your	6
like	said	5
like	and	3
like	cats	3
like	me	3
like	other	3
like	all	2
like	anything	2
like	balls	2
like	bears	2
like	being	2
liked	him	7
liked	her	4
liked	and	3
liked	it	2
liked	me	2
liked	so	2
likelihood	of	2
likely	to	40
likely	that	4
likely	i	3
likely	it	2
likely	more	2
likely	not	2
likely	on	2
likely	story	2
likeness	of	2
likes	to	3
likewise	and	3
liking	to	2
limbs	of	2
limbs	were	2
lime	cream	3
limits	and	2
limits	in	2
line	of	8
line	to	4
line	and	2
line	the	2
line	which	2
lined	the	2
lined	with	2
lines	of	3
link	in	2
lion	and	22
lion	i	8
lion	was	6
lion	but	5
lion	is	5
lion	he	4
lion	said	4
lion	went	4
lion	who	4
lion	as	3
lion	lay	3
lion	so	3
lion	becomes	2
lion	for	2
lion	gave	2
lion	had	2
lion	if	2
lion	looking	2
lion	now	2
lion	she	2
lion	shook	2
lion	the	2
lion	thought	2
lion	thoughtfully	2
lion's	back	4
lip	and	2
lips	and	4
lips	the	3
lips	to	3
lips	as	2
lips	i	2
list	of	9
listen	to	15
listen	and	2
listen	the	2
listened	to	19
listened	with	8
listened	in	3
listener	in	2
listening	to	7
listening	so	2
listening	with	2
lit	the	4
lit	and	2
lit	up	2
little	girl	35
little	of	22
little	man	16
little	more	14
little	and	11
little	thing	11
little	to	11
little	door	8
little	old	8
little	problem	8
little	things	7
little	time	7
little	woman	7
little	too	6
little	as	5
little	but	5
little	dog	5
little	golden	5
little	longer	5
little	room	5
little	alice	4
little	attention	4
little	creature	4
little	cry	4
live	in	17
live	with	8
live	at	6
live	to	5
live	on	3
live	there	3
live	a	2
live	here	2
live	very	2
lived	in	12
lived	a	3
lived	and	3
lived	at	2
lived	i	2
lived	so	2
lived	then	2
lived	with	2
lively	and	3
lives	in	4
lives	a	2
lives	with	2
living	in	6
living	of	3
living	with	3
living	but	2
living	i	2
living	person	2
living	the	2
living	thing	2
living	which	2
lizzy	i	10
lizzy	said	9
lizzy	you	8
lizzy	that	6
lizzy	to	5
lizzy	and	4
lizzy	my	4
lizzy	do	3
lizzy	is	3
lizzy	if	2
lizzy	oh	2
lizzy	their	2
lizzy	this	2
lizzy	when	2
lizzy	who	2
lizzy	will	2
lobster	quadrille	5
lobsters	and	2
local	dictionary	500
lock	and	3
lock	i	2
locked	it	4
locked	the	3
locked	and	2
locked	i	2
locked	up	2
locket	and	2
lodge	keeper	5
lodge	and	3
lodge	to	3
lodge	it	2
lodge	the	2
lodgings	in	3
lodgings	at	2
lodgings	were	2
logs	and	2
london	and	14
london	by	3
london	for	3
london	to	3
london	before	2
london	but	2
london	has	2
london	i	2
london	in	2
london	it	2
london	might	2
london	road	2
london	the	2
london	they	2
london	was	2
london	we	2
london	what	2
london	yes	2
lone	star	6
lonely	and	5
lonely	life	2
long	as	28
long	and	14
long	time	13
long	ago	10
long	to	10
long	before	9
long	enough	9
long	journey	7
long	thin	7
long	been	5
long	in	5
long	silence	5
long	he	4
long	that	4
long	walk	4
long	way	4
long	a	3
long	but	3
long	for	3
long	has	3
long	it	3
long	legs	3
long	they	3
long	was	3
longed	to	11
longer	and	6
longer	i	6
longer	but	4
longer	be	3
longer	she	3
longer	than	3
longer	the	3
longer	to	2
longer	without	2
longing	to	3
look	at	43
look	of	13
look	upon	8
look	and	7
look	out	7
look	into	6
look	on	6
look	up	6
look	in	5
look	as	4
look	for	4
look	round	4
look	which	4
look	after	3
look	here	3
look	a	2
look	around	2
look	askance	2
look	forward	2
look	it	2
look	like	2
look	over	2
looked	at	71
looked	up	14
looked	down	9
looked	about	6
looked	as	6
looked	in	6
looked	out	6
looked	forward	5
looked	upon	5
looked	very	5
looked	a	4
looked	and	4
looked	anxiously	4
looked	back	4
looked	round	4
looked	all	3
looked	into	3
looked	like	3
looked	so	3
looked	surprised	3
looked	again	2
looked	around	2
looked	for	2
looked	from	2
looking	at	32
looking	for	9
looking	up	8
looking	down	5
looking	over	5
looking	out	4
looking	and	3
looking	anxiously	3
looking	as	3
looking	earnestly	3
looking	keenly	3
looking	man	3
looking	about	2
looking	across	2
looking	back	2
looking	eagerly	2
looking	i	2
looking	into	2
looking	person	2
looking	round	2
looking	so	2
looking	very	2
looking	woman	2
looks	like	5
looks	and	3
looks	as	2
looks	at	2
looks	just	2
looks	this	2
looks	upon	2
loop	of	3
lord	st	28
lord	how	5
lord	robert	4
lord	and	2
lord	backwater	2
lose	your	4
lose	the	3
losing	a	2
losing	her	2
loss	of	18
loss	to	8
lost	in	9
lost	all	5
lost	to	5
lost	a	4
lost	his	4
lost	for	3
lost	my	3
lost	our	3
lost	as	2
lost	every	2
lost	much	2
lost	nothing	2
lost	we	2
lot	of	4
lottery	tickets	3
loud	and	4
loud	roar	3
loud	voice	3
loud	as	2
louder	and	2
loudly	as	2
louisa	and	3
love	you	502
love	with	19
love	and	12
love	of	10
love	i	9
love	for	7
love	him	7
love	to	5
love	as	4
love	in	4
love	her	3
love	it	3
love	me	3
love	a	2
love	before	2
love	but	2
love	is	2
love	oh	2
love	them	2
love	your	2
loved	him	5
loved	by	3
loved	her	2
loved	you	2
loveliness	and	2
lovely	lady	8
lovely	as	2
lovely	country	2
lovely	garden	2
lovely	green	2
lovely	heart	2
lovely	woman	2
loves	her	2
loving	heart	2
low	voice	11
low	bow	3
low	to	3
low	as	2
low	before	2
low	clear	2
low	growl	2
low	phaeton	2
low	trembling	2
low	whistle	2
lower	part	2
lucas	and	6
lucas	lodge	6
lucas	who	5
lucas	was	4
lucas	had	3
lucas	for	2
lucas	her	2
lucas	himself	2
lucas	i	2
lucas	should	2
lucas	whom	2
lucas	you	2
luck	to	2
luckily	for	2
lucky	chance	2
lucky	for	2
lucky	in	2
lucy	parr	2
lumber	room	3
lurid	spark	2
lurking	behind	2
lust	for	2
lydia	had	11
lydia	was	9
lydia	but	5
lydia	i	4
lydia	she	4
lydia	were	4
lydia	and	3
lydia	at	3
lydia	my	3
lydia	on	3
lydia	to	3
lydia	as	2
lydia	came	2
lydia	does	2
lydia	her	2
lydia	if	2
lydia	is	2
lydia	should	2
lydia	that	2
lydia	the	2
lydia	with	2
lydia	would	2
lydia's	being	2
lydia's	infamy	2
lydia's	marriage	2
lydia's	situation	2
lying	on	8
lying	in	6
lying	upon	5
lying	asleep	2
lying	dead	2
lying	down	2
lying	fast	2
m	rs	3
ma'am	i	2
ma'am	is	2
mabel	i'll	2
machine	learning	500
machine	and	3
mad	to	4
mad	here	2
mad	i	2
mad	if	2
mad	said	2
mad	tea	2
mad	you	2
madam	said	8
madam	i	3
madam	cried	2
madam	for	2
madam	he	2
madam	of	2
made	a	41
made	her	30
made	no	26
made	of	25
made	up	24
made	the	19
made	me	18
made	him	17
made	it	13
made	his	9
made	my	9
made	out	9
made	you	9
made	an	7
made	for	5
made	elizabeth	4
made	entirely	4
made	in	4
made	our	3
made	some	3
made	them	3
made	acquainted	2
made	another	2
made	any	2
magic	art	2
magic	arts	2
magic	words	2
magnifying	lens	3
maid	and	3
maid	who	3
maid	alice	2
maid	that	2
maiden	and	2
mail	boat	2
majesty	said	5
majesty	the	4
majesty	he	3
majesty	has	2
majesty	if	2
majesty	must	2
make	her	27
make	him	26
make	a	24
make	it	22
make	the	21
make	me	17
make	you	13
make	no	10
make	them	10
make	haste	9
make	out	9
make	his	7
make	my	7
make	of	7
make	one	7
make	their	7
make	any	6
make	herself	5
make	such	5
make	yourself	5
make	up	4
make	your	4
make	an	3
make	inquiries	3
makes	me	7
makes	the	6
makes	a	3
makes	them	3
makes	you	3
makes	him	2
makes	it	2
makes	my	2
makes	one	2
making	a	8
making	any	4
making	her	4
making	his	4
making	him	3
making	up	3
making	believe	2
making	friends	2
making	it	2
making	love	2
making	me	2
making	quite	2
making	some	2
making	such	2
making	the	2
mamma	said	3
man	who	61
man	and	34
man	of	32
man	in	24
man	with	24
man	i	20
man	to	13
man	as	11
man	that	9
man	he	8
man	was	8
man	whom	8
man	could	7
man	or	7
man	whose	7
man	but	6
man	had	6
man	mr	6
man	said	6
man	she	6
man	should	6
man	the	6
man	for	5
man	it	5
man's	face	2
manage	it	3
manage	to	3
managed	to	9
managed	it	3
managed	that	2
management	of	3
manager	and	2
mane	and	2
manner	of	18
manner	which	11
manner	and	9
manner	he	7
manner	as	6
manner	in	6
manner	i	5
manner	that	5
manner	but	3
manner	so	3
manner	was	3
manner	had	2
manner	one	2
manner	she	2
manner	the	2
manner	then	2
manner	would	2
manner	you	2
manners	were	12
manners	and	3
manners	are	3
manners	she	3
manners	so	3
manners	as	2
manners	my	2
manners	of	2
manners	recommended	2
manor	house	3
mantel	piece	3
many	years	23
many	of	17
many	hours	8
many	months	7
many	a	6
many	as	5
many	men	5
many	days	4
many	good	4
many	in	4
many	miles	4
many	people	4
many	many	3
many	minutes	3
many	other	3
many	others	3
many	things	3
many	who	3
many	i	2
many	inquiries	2
many	more	2
many	pretty	2
many	professions	2
many	times	2
map	of	2
marble	and	2
march	hare	31
march	i	2
maria	and	3
maria	in	2
maria	lucas	2
maria	thought	2
mark	of	6
mark	upon	4
mark	but	2
mark	on	2
mark	the	2
marked	in	3
marked	poison	3
marked	the	3
marked	her	2
marked	his	2
marked	out	2
marked	their	2
marked	with	2
market	price	2
market	town	2
marks	of	4
marriage	of	5
marriage	was	5
marriage	with	5
marriage	but	4
marriage	had	4
marriage	it	4
marriage	she	4
marriage	would	4
marriage	and	3
marriage	is	3
marriage	been	2
marriage	between	2
marriage	he	2
marriage	his	2
marriage	in	2
marriage	may	2
marriage	state	2
marriage	that	2
marriage	to	2
marriage	were	2
marriage	which	2
marriage	you	2
married	and	9
married	a	6
married	to	6
married	her	4
married	before	3
married	in	3
married	or	3
married	again	2
married	but	2
married	by	2
married	i	2
married	it	2
married	my	2
married	woman	2
married	you	2
marry	her	9
marry	a	4
marry	mr	4
marry	lydia	3
marry	you	3
marry	and	2
marry	anyone	2
marry	miss	2
marry	one	2
marry	without	2
marry	your	2
marrying	and	3
marrying	her	3
marrying	him	2
marrying	me	2
marrying	your	2
mary	and	6
mary	sutherland	6
mary	ann	4
mary	was	4
mary	had	3
mary	who	3
mary	at	2
mary	but	2
mary	could	2
mary	king	2
mass	of	3
master	of	4
master	she	4
master	and	3
master	had	3
master	i	2
master	was	2
master	you	2
mastiff	i	2
match	and	4
match	for	3
match	the	2
match	were	2
match	with	2
matches	and	2
material	a	3
material	weight	2
materially	lessen	2
matrimony	in	2
matter	of	15
matter	and	8
matter	to	8
matter	it	7
matter	but	6
matter	i	6
matter	up	6
matter	with	6
matter	as	4
matter	is	4
matter	over	4
matter	which	4
matter	in	3
matter	so	3
matter	the	3
matter	was	3
matter	a	2
matter	at	2
matter	before	2
matter	for	2
matter	he	2
matter	now	2
matter	one	2
matter	she	2
matters	as	3
matters	i	2
matters	of	2
matters	which	2
may	be	96
may	have	38
may	not	18
may	i	14
may	say	8
may	as	7
may	depend	7
may	take	7
may	do	6
may	in	6
may	rest	6
may	come	5
may	go	5
may	perhaps	5
may	call	4
may	imagine	4
may	prove	4
may	safely	4
may	well	4
may	expect	3
may	find	3
may	help	3
may	it	3
may	never	3
mccarthy	was	5
mccarthy	the	3
mccarthy	and	2
mccarthy	he	2
mccarthy	i	2
mccarthy	who	2
me	know	1004
me	the	542
me	to	133
me	i	74
me	and	70
me	that	60
me	a	41
me	in	39
me	for	35
me	but	31
me	with	23
me	as	21
me	it	20
me	so	19
me	at	18
me	on	18
me	what	18
me	said	17
me	he	16
me	if	16
me	my	15
me	you	15
me	no	14
me	by	12
meal	and	2
mean	to	11
mean	that	8
mean	by	7
mean	what	4
mean	it	3
mean	he	2
mean	i	2
mean	said	2
mean	the	2
meaning	of	10
meaning	in	5
meaning	to	5
meaning	and	2
meanly	of	4
means	of	23
means	to	5
means	i	3
means	my	3
means	so	3
means	and	2
means	that	2
means	the	2
means	well	2
means	you	2
meant	to	18
meant	for	4
meant	it	3
meant	i	2
meant	well	2
meanwhile	was	2
measure	to	2
medical	instincts	2
meet	you	502
meet	them	6
meet	her	5
meet	him	5
meet	us	4
meet	with	4
meet	at	3
meet	again	2
meet	it	2
meet	miss	2
meet	mr	2
meeting	with	4
meeting	in	3
meeting	accidentally	2
meeting	and	2
meeting	her	2
meeting	him	2
melancholy	tone	3
melted	her	3
member	of	5
memory	and	3
memory	as	2
memory	i	2
memory	of	2
memory	with	2
men	and	12
men	who	7
men	are	4
men	in	4
men	of	4
men	were	4
men	have	3
men	at	2
men	had	2
men	he	2
men	i	2
men	one	2
men	so	2
mended	in	2
mention	of	8
mention	it	6
mention	a	2
mention	my	2
mention	the	2
mentioned	to	5
mentioned	and	4
mentioned	before	3
mentioned	between	2
mentioned	his	2
mentioned	in	2
mentioned	your	2
mentioning	a	2
mercenary	and	3
mercia	and	2
merely	a	4
merely	to	4
merely	the	3
merely	because	2
merely	for	2
merely	from	2
merely	in	2
merely	remarking	2
merely	this	2
merrily	on	2
merry	over	2
message	to	4
message	he	2
met	with	15
met	her	8
met	in	8
met	him	7
met	his	4
met	a	3
met	by	3
met	mr	3
met	and	2
met	at	2
met	it	2
met	me	2
met	so	2
met	the	2
met	them	2
metallic	clang	2
metals	and	2
method	of	4
method	and	2
methods	of	2
methods	what	2
mice	and	5
mice	came	2
mice	had	2
mice	in	2
mice	oh	2
mice	were	2
middle	of	22
middle	aged	3
middle	sized	3
midst	of	8
might	be	88
might	have	79
might	not	15
might	as	7
might	make	5
might	see	5
might	do	4
might	find	4
might	i	4
might	never	4
might	take	4
might	think	4
might	at	3
might	come	3
might	expect	3
might	give	3
might	just	3
might	only	3
might	seem	3
might	add	2
might	all	2
might	allow	2
might	and	2
might	appear	2
mile	from	3
mile	and	2
mile	drive	2
mile	high	2
miles	of	8
miles	from	5
miles	and	4
miles	or	4
miles	off	3
miles	away	2
miles	i	2
militia	it	2
milk	which	2
miller's	regiment	3
mind	was	13
mind	and	12
mind	that	8
mind	the	6
mind	to	6
mind	said	5
mind	she	5
mind	about	4
mind	as	3
mind	is	3
mind	it	3
mind	my	3
mind	of	3
mind	with	3
mind	anything	2
mind	at	2
mind	by	2
mind	him	2
mind	how	2
mind	i	2
mind	i'll	2
mind	now	2
mind	so	2
mind	than	2
minds	for	2
minds	of	2
mine	said	5
mine	and	4
mine	i	4
mine	that	3
mine	to	3
mine	but	2
mine	he	2
mine	is	2
mine	the	2
minute	or	14
minute	and	4
minute	the	3
minutely	the	2
minutes	to	6
minutes	he	5
minutes	i	5
minutes	it	5
minutes	after	4
minutes	and	4
minutes	before	4
minutes	in	4
minutes	later	3
minutes	of	3
minutes	she	3
minutes	that	3
minutes	the	3
minutes	was	3
minutes	with	3
minutes	at	2
minutes	conversation	2
minutes	longer	2
minutes	or	2
minutes	said	2
minutes	silence	2
minutes	they	2
minutes	this	2
minutes	together	2
mischief	and	3
misery	of	5
misery	was	2
misfortune	to	3
misfortune	of	2
misfortunes	have	2
mishap	the	2
miss	darcy	35
miss	lucas	23
miss	de	21
miss	hunter	18
miss	austen	17
miss	stoner	15
miss	elizabeth	13
miss	eliza	9
miss	austen's	8
miss	mary	7
miss	turner	6
miss	darcy's	5
miss	king	5
miss	alice	4
miss	it	4
miss	sutherland	4
miss	lydia	3
miss	flora	2
miss	holder	2
miss	irene	2
miss	lucas's	2
missed	his	2
missed	it	2
missing	man	2
mistake	and	2
mistake	had	2
mistake	it	2
mistake	to	2
mistaken	if	5
mistaken	for	2
mistaken	he	2
mistaken	i	2
mistaken	in	2
mistress	of	4
mistress	but	2
mixed	with	3
mixture	of	6
mock	turtle	54
mock	turtle's	3
mode	of	4
moment	i	11
moment	she	8
moment	when	8
moment	he	5
moment	of	5
moment	that	5
moment	to	5
moment	and	4
moment	as	4
moment	for	4
moment	in	4
moment	it	4
moment	the	4
moment	they	4
moment	a	3
moment	then	3
moment	alice	2
moment	at	2
moment	but	2
moment	dorothy	2
moment	how	2
moment	increasing	2
moment	later	2
moment	more	2
moment's	delay	2
moment's	pause	2
moments	later	3
moments	he	2
moments	she	2
monday	fortnight	2
monday	i	2
monday	morning	2
money	and	6
money	in	5
money	which	5
money	but	3
money	for	3
money	matters	3
money	to	3
money	well	3
money	as	2
money	he	2
money	is	2
money	or	2
money	should	2
money	what	2
money	when	2
money	you	2
monkey	king	4
monkeys	had	5
monkeys	flew	4
monkeys	to	4
monkeys	caught	3
monkeys	said	2
monkeys	which	2
month	ago	2
month	and	2
month	you	2
months	ago	7
months	of	3
months	after	2
months	have	2
months	i	2
months	she	2
months	since	2
moral	of	7
moral	if	2
moral	retrogression	2
moran	the	2
more	than	109
more	of	26
more	to	26
more	and	17
more	the	11
more	i	8
more	interesting	7
more	so	7
more	but	5
more	valuable	5
more	about	4
more	as	4
more	at	4
more	difficult	4
more	for	4
more	likely	4
more	natural	4
more	agreeable	3
more	anxious	3
more	clearly	3
more	dreadful	3
more	elegant	3
more	it	3
more	like	3
moreover	to	2
morning	and	18
morning	the	11
morning	i	10
morning	to	10
morning	but	8
morning	of	8
morning	he	7
morning	with	7
morning	after	6
morning	at	5
morning	in	5
morning	as	4
morning	it	4
morning	that	4
morning	before	3
morning	came	3
morning	for	3
morning	had	3
morning	however	3
morning	or	3
morning	papers	3
morning	she	3
morning	then	3
morning	when	3
mornings	to	2
morose	and	2
morrow	and	3
morrow	i	3
morrow	morning	3
morrow	with	3
morrow	evening	2
morrow	he	2
morrow	it	2
morrow	to	2
mortification	of	2
mortified	by	2
mortified	her	2
most	important	8
most	interesting	8
most	of	8
most	agreeable	5
most	extraordinary	5
most	intimate	5
most	painful	4
most	remarkable	4
most	animated	3
most	anxious	3
most	certainly	3
most	delightful	3
most	determined	3
most	disagreeable	3
most	eligible	3
most	generous	3
most	lovely	3
most	perfect	3
most	readily	3
most	singular	3
most	acutely	2
most	advantageously	2
most	amiable	2
most	attentive	2
mother	and	19
mother	was	10
mother	as	5
mother	is	5
mother	she	5
mother	had	4
mother	i	4
mother	in	4
mother	who	4
mother	it	3
mother	should	3
mother	to	3
mother	went	3
mother	when	3
mother	would	3
mother	a	2
mother	but	2
mother	could	2
mother	mr	2
mother	mrs	2
mother	said	2
mother	you	2
mother's	maiden	2
mother's	thoughts	2
motion	to	2
motive	for	4
motive	he	2
motive	i	2
motive	my	2
motives	for	2
mouse	to	4
mouse	only	3
mouse	was	3
mouse	and	2
mouse	did	2
mouse	he	2
mouse	in	2
mouse	of	2
mouse	that	2
mouse	who	2
mouth	and	7
mouth	but	2
mouth	for	2
mouth	it	2
mouth	of	2
mouth	open	2
mouth	to	2
mouth	was	2
mouth	with	2
mouths	and	3
mouths	so	2
move	them	3
move	and	2
move	around	2
moved	the	3
moved	on	2
movement	and	2
moving	about	2
mr	darcy	247
mr	collins	140
mr	holmes	71
mr	darcy's	30
mr	and	25
mr	collins's	20
mr	holder	13
mr	sherlock	13
mr	hurst	12
mr	wilson	12
mr	mccarthy	8
mr	denny	6
mr	duncan	6
mr	henry	6
mr	fowler	5
mr	james	5
mr	john	5
mr	jones	5
mr	lestrade	5
mr	turner	4
mr	angel	3
mr	baker	3
mr	joker	3
mr	philips	3
mrs	collins	26
mrs	hurst	20
mrs	philips	16
mrs	long	15
mrs	forster	12
mrs	reynolds	9
mrs	st	9
mrs	philips's	4
mrs	collins's	3
mrs	hill	3
mrs	hudson	3
mrs	f	2
mrs	norris	2
much	as	47
much	to	31
much	more	24
much	for	19
much	of	18
much	the	18
much	in	17
much	better	13
much	i	12
much	surprised	8
much	less	7
much	mistaken	7
much	said	7
much	she	6
much	attention	5
much	like	5
much	so	5
much	that	5
much	too	5
much	afraid	4
much	at	4
much	engaged	4
much	he	4
much	larger	4
mud	in	2
munchkin	girl	2
munchkin	maiden	2
munchkins	and	5
munchkins	in	2
munchkins	were	2
murder	there	2
murdered	man	3
murmured	holmes	4
mushroom	and	3
music	and	3
must	be	159
must	have	82
must	go	25
must	not	25
must	know	11
must	make	11
must	always	7
must	come	7
must	confess	7
must	leave	7
must	feel	6
must	get	6
must	speak	6
must	give	5
must	try	5
must	cross	4
must	find	4
must	marry	4
must	write	4
must	all	3
must	and	3
must	at	3
must	excuse	3
must	i	3
muttered	to	2
muttering	to	2
my	way	512
my	dear	181
my	own	76
my	friend	46
my	father	45
my	life	36
my	heart	30
my	head	24
my	mind	24
my	wife	24
my	hand	23
my	sister	23
my	companion	22
my	uncle	21
my	room	16
my	aunt	15
my	poor	15
my	word	15
my	name	13
my	dearest	12
my	face	12
my	mother	12
my	part	12
my	power	12
myself	to	14
myself	and	13
myself	i	10
myself	in	10
myself	with	8
myself	on	7
myself	that	7
myself	the	7
myself	as	6
myself	but	4
myself	by	4
myself	for	4
myself	my	4
myself	said	4
myself	it	3
myself	one	3
myself	up	3
myself	very	3
myself	without	3
myself	about	2
myself	at	2
myself	he	2
myself	how	2
myself	i'm	2
mystery	i	4
mystery	and	3
mystery	of	2
mystery	to	2
mystery	we	2
name	of	19
name	is	17
name	was	7
name	and	5
name	to	5
name	but	3
name	said	3
name	the	3
name	among	2
name	as	2
name	had	2
name	it	2
name	she	2
name	some	2
name	which	2
name	will	2
names	are	2
narrative	which	3
narrative	of	2
narrow	passage	2
narrowly	observed	2
natural	and	5
natural	as	2
natural	than	2
natural	that	2
natural	to	2
natural	way	2
nature	of	12
nature	and	5
nature	he	3
nature	as	2
nature	but	2
nature	had	2
nature	is	2
nature	on	2
nature	to	2
nature	what	2
near	the	30
near	her	8
near	enough	5
near	a	4
near	to	4
near	by	3
near	brighton	2
near	elizabeth	2
near	him	2
near	it	2
near	that	2
near	them	2
near	waterloo	2
nearer	the	4
nearer	to	4
nearest	relations	2
nearing	the	3
nearly	as	4
nearly	all	3
nearly	so	3
nearly	always	2
nearly	at	2
nearly	forgotten	2
nearly	the	2
neat	little	3
neat	and	2
neatly	dressed	3
neatly	together	2
necessary	to	14
necessary	and	4
necessary	i	4
necessary	in	3
necessary	that	2
necessity	of	8
necessity	for	2
neck	and	7
neck	of	3
neck	with	3
neck	as	2
neck	until	2
need	to	506
need	your	500
need	not	20
need	of	3
need	for	2
need	it	2
needed	to	3
needed	it	2
needn't	be	2
needs	a	3
neglect	i	2
neglect	of	2
neither	of	7
neither	the	5
neither	could	2
neither	in	2
neither	jane	2
neither	you	2
nephew	and	2
nephew	i	2
nerves	you	2
nervous	about	2
nervous	and	2
nervous	or	2
nervous	tension	2
neutral	to	2
never	been	20
never	heard	20
never	be	19
never	have	19
never	to	17
never	had	15
never	seen	15
never	saw	13
never	mind	9
never	see	9
never	said	8
never	do	7
never	get	7
never	in	7
never	came	6
never	met	6
never	so	6
never	was	6
never	before	5
never	even	5
never	forget	5
never	thought	5
never	come	4
never	could	4
new	year	501
new	project	500
new	to	5
new	acquaintance	4
new	idea	3
new	and	2
new	carriages	2
new	comrade	2
new	friends	2
new	heart	2
new	man	2
new	zealand	2
news	of	8
news	and	7
news	to	5
news	for	3
news	as	2
news	does	2
news	have	2
news	it	2
news	the	2
news	which	2
newspaper	from	3
next	version	500
next	morning	32
next	day	22
next	to	9
next	moment	7
next	room	5
next	witness	5
next	and	4
next	the	4
next	week	4
next	ball	3
next	i	3
next	came	2
next	evening	2
next	in	2
next	monday	2
next	she	2
next	thing	2
next	until	2
next	verse	2
next	was	2
nibbling	at	2
nice	day	500
nice	to	500
nice	little	5
nice	household	2
nicely	we	3
niece	and	4
niece	was	3
niece	mary	2
nieces	of	2
night	and	21
night	i	11
night	she	8
night	the	7
night	in	6
night	before	5
night	he	5
night	at	4
night	for	4
night	so	4
night	as	3
night	that	3
night	with	3
night	you	3
night	your	3
night	a	2
night	after	2
night	but	2
night	however	2
night	if	2
night	it	2
night	just	2
night	of	2
night	oh	2
night's	adventure	2
night's	work	2
nine	o'clock	6
nine	and	2
nine	feet	2
nine	the	2
no	problem	500
no	one	73
no	doubt	65
no	more	53
no	longer	37
no	means	32
no	i	28
no	no	27
no	other	23
no	answer	17
no	use	17
no	idea	13
no	heart	12
no	such	12
no	time	12
no	but	11
no	harm	11
no	less	11
no	sooner	11
no	reason	10
no	further	9
no	objection	9
no	said	9
no	it	8
noble	bachelor	3
noble	client	2
nobody	can	4
nobody	else	2
nobody	feels	2
nobody	in	2
nodded	and	2
noise	the	2
noise	which	2
none	of	24
none	at	4
none	other	3
none	could	2
none	no	2
none	save	2
none	the	2
none	you	2
nonsense	i	4
nonsense	said	3
nor	the	8
nor	was	8
nor	could	6
nor	did	6
nor	i	5
nor	anything	2
nor	ever	2
nor	have	2
nor	in	2
nor	of	2
nor	will	2
norris	and	2
north	and	6
north	of	2
north	south	2
north	when	2
northern	tour	2
nose	and	8
nose	as	2
nose	the	2
not	be	133
not	to	103
not	know	82
not	a	81
not	have	73
not	been	50
not	think	49
not	the	48
not	in	37
not	at	34
not	so	34
not	help	31
not	like	27
not	yet	26
not	very	24
not	i	23
not	you	23
not	but	20
not	much	20
not	quite	20
not	make	19
not	only	19
not	see	19
not	wish	19
note	for	5
note	book	3
note	of	3
note	as	2
note	he	2
note	it	2
note	paper	2
note	to	2
note	was	2
notes	and	2
notes	of	2
nothing	to	42
nothing	but	35
nothing	of	33
nothing	in	19
nothing	else	18
nothing	more	12
nothing	at	11
nothing	could	11
nothing	about	6
nothing	can	6
nothing	less	6
nothing	so	6
nothing	was	6
nothing	and	5
nothing	had	5
nothing	is	5
nothing	on	5
nothing	that	5
nothing	until	5
nothing	whatever	5
nothing	better	4
nothing	for	4
nothing	from	4
nothing	further	4
notice	of	11
notice	and	3
notice	but	2
notice	the	2
notice	this	2
notice	when	2
noticed	that	5
noticed	by	2
noticed	with	2
notion	of	5
notion	how	2
notion	that	2
notions	of	2
novel	and	2
now	i	38
now	and	36
now	the	21
now	that	17
now	for	13
now	if	12
now	it	12
now	to	12
now	in	10
now	we	10
now	as	9
now	he	9
now	she	9
now	you	9
now	a	8
now	let	8
now	mr	8
now	said	8
now	when	8
now	be	7
now	but	7
now	asked	6
now	my	6
now	then	6
nowhere	to	2
number	of	20
numbers	of	2
nuts	and	2
o	mouse	3
o	that	2
o'clock	in	5
o'clock	the	5
o'clock	i	3
o'clock	it	3
o'clock	when	3
o'clock	at	2
o'clock	my	2
o'clock	to	2
obey	the	3
obey	any	2
obey	you	2
obeyed	and	2
object	of	25
object	to	8
object	in	4
object	was	4
object	the	2
object	then	2
objecting	to	2
objection	to	7
objection	i	2
objections	to	3
objections	against	2
objections	and	2
objections	which	2
objects	of	4
obligations	to	3
oblige	you	2
obliged	to	37
obsequious	civility	3
observation	of	5
observation	and	4
observation	on	2
observations	of	2
observe	that	7
observe	the	6
observe	if	3
observe	her	2
observed	that	8
observed	to	6
observed	holmes	3
observed	and	2
observed	how	2
observed	in	2
observed	it	2
observed	mary	2
observing	that	5
observing	his	2
observing	mr	2
observing	the	2
obvious	that	6
obvious	to	5
obvious	as	3
obvious	from	3
obvious	and	2
obvious	fact	2
obvious	facts	2
occasion	for	10
occasion	to	8
occasion	and	2
occasion	in	2
occasion	of	2
occasional	exclamation	2
occasionally	even	2
occasionally	to	2
occasioned	his	2
occasions	and	2
occasions	it	2
occupation	but	2
occupied	in	2
occur	to	6
occurred	to	15
occurred	in	4
occurred	i	3
occurred	between	2
occurred	during	2
occurred	which	2
occurrences	of	2
of	the	1691
of	course	629
of	his	400
of	her	339
of	a	335
of	it	185
of	my	179
of	them	133
of	their	111
of	this	103
of	your	102
of	all	89
of	mr	84
of	him	83
of	what	79
of	that	74
of	you	62
of	us	51
of	being	49
of	its	49
of	an	48
of	which	48
of	such	46
of	some	39
off	the	523
off	and	15
off	to	14
off	with	12
off	for	10
off	her	9
off	in	9
off	my	9
off	as	6
off	but	6
off	from	6
off	his	6
off	upon	6
off	by	5
off	together	5
off	than	4
off	you	4
off	a	3
off	again	3
off	at	3
off	i	3
off	when	3
off	after	2
off	all	2
offended	tone	5
offended	by	3
offended	two	3
offensive	to	3
offer	of	8
offer	to	6
offer	him	2
offer	you	2
offered	to	8
offered	a	5
offered	her	2
offered	no	2
offers	of	2
office	and	3
office	of	3
office	as	2
office	in	2
office	your	2
officers	of	6
officers	and	4
officers	at	2
officers	had	2
officers	mr	2
officers	there	2
officers	to	2
offices	of	2
official	police	5
official	detective	2
officious	attention	2
often	seen	7
often	and	4
often	as	3
often	do	2
often	happen	2
often	it	2
often	meet	2
often	observed	2
often	see	2
often	standing	2
often	talk	2
often	tell	2
often	that	2
often	thought	2
often	to	2
oftener	than	2
oh	yes	36
oh	my	23
oh	no	19
oh	i	14
oh	dear	13
oh	you	9
oh	it	7
oh	how	6
oh	he	5
oh	indeed	5
oh	that	5
oh	but	4
oh	certainly	4
oh	do	4
oh	if	4
oh	lizzy	4
oh	mr	4
oh	said	4
oh	she	4
oh	a	3
oh	don't	3
oh	i'm	3
oh	jane	3
oh	lord	3
oil	can	10
oil	lamp	2
oil	my	2
oil	the	2
oiled	his	2
oiled	the	2
old	woman	14
old	man	10
old	and	8
old	fellow	5
old	friend	5
old	country	3
old	father	3
old	house	3
old	ladies	3
old	said	3
old	as	2
old	crab	2
old	crow	2
old	fashioned	2
old	it	2
old	lady	2
old	maid	2
old	trick	2
old	turner	2
older	than	7
olive	branch	3
on	the	1390
on	my	540
on	your	520
on	his	72
on	her	65
on	a	53
on	this	31
on	to	31
on	which	27
on	their	26
on	one	23
on	that	22
on	either	19
on	it	19
on	in	16
on	every	15
on	you	15
on	him	14
on	and	13
on	with	12
on	earth	11
on	what	11
on	mr	10
on	such	10
once	more	39
once	to	14
once	and	11
once	in	8
once	i	7
once	or	7
once	the	7
once	a	6
once	but	5
once	by	4
once	for	4
once	he	4
once	she	4
once	before	3
once	opening	3
once	that	3
once	they	3
once	when	3
once	with	3
once	as	2
once	been	2
once	did	2
once	during	2
once	it	2
one	of	219
one	or	23
one	side	23
one	who	23
one	day	20
one	and	18
one	to	18
one	could	12
one	hand	12
one	but	11
one	i	11
one	is	11
one	in	10
one	end	9
one	thing	9
one	was	9
one	else	8
one	for	8
one	morning	8
one	night	8
one	that	8
one	time	8
one	which	8
one	corner	7
one's	own	2
ones	on	2
ones	the	2
only	one	35
only	a	27
only	to	21
only	the	12
only	by	11
only	of	10
only	as	9
only	think	8
only	just	7
only	be	6
only	been	6
only	for	6
only	four	6
only	once	6
only	say	6
only	that	6
only	wish	6
only	half	5
only	have	5
only	in	5
only	two	5
only	daughter	4
only	had	4
only	hope	4
onto	the	5
open	source	500
open	the	18
open	and	16
open	to	6
open	his	5
open	window	4
open	a	3
open	it	3
open	but	2
open	out	2
open	that	2
open	there	2
opened	the	24
opened	and	10
opened	his	8
opened	a	5
opened	by	5
opened	it	4
opened	her	3
opened	to	3
opened	their	2
opening	his	5
opening	for	4
opening	of	3
opening	the	3
opening	a	2
opening	her	2
opening	in	2
opening	it	2
openly	acknowledged	2
openness	and	2
operation	i	2
opinion	of	25
opinion	and	6
opinion	i	4
opinion	in	3
opinion	it	3
opinion	on	3
opinion	said	3
opinion	that	3
opinion	upon	3
opinion	about	2
opinion	her	2
opinion	is	2
opinions	which	2
opium	den	7
opportunities	of	2
opportunity	of	31
opportunity	for	4
opportunity	i	2
oppose	such	2
opposed	to	3
opposite	to	5
opposite	side	2
opposite	the	2
or	two	47
or	the	30
or	a	26
or	three	24
or	other	16
or	to	14
or	any	13
or	not	13
or	at	12
or	so	12
or	his	10
or	four	9
or	in	9
or	i	8
or	that	8
or	twice	7
or	else	6
or	her	6
or	more	6
or	of	6
or	anything	5
or	five	5
or	rather	5
or	you	5
orange	pips	7
order	to	17
order	of	4
order	that	3
order	the	2
order	you	2
ordered	and	3
ordered	her	3
ordered	a	2
ordered	about	2
ordered	him	2
ordered	the	2
orders	to	2
originated	in	2
orphan	and	2
other	side	32
other	and	16
other	was	11
other	of	10
other	hand	9
other	day	8
other	as	7
other	end	7
other	people	7
other	i	6
other	in	6
other	person	6
other	than	6
other	way	6
other	is	5
other	one	5
other	things	5
other	but	4
other	objection	4
other	that	4
other	the	4
other	they	4
other	woman	4
other	a	3
others	and	8
others	were	8
others	are	4
others	have	4
others	of	4
others	all	3
others	in	3
others	that	3
others	to	3
others	but	2
others	equally	2
others	for	2
others	it	2
others	most	2
others	the	2
others	they	2
others	took	2
otherwise	than	6
otherwise	i	5
otherwise	in	3
otherwise	have	2
ought	to	50
ought	not	9
ought	and	2
ought	his	2
ounce	of	2
our	visitor	17
our	client	11
our	way	11
our	little	8
our	own	8
our	friend	7
our	friends	5
our	hands	4
our	journey	4
our	lives	4
our	acquaintance	3
our	best	3
our	doubts	3
our	family	3
our	minds	3
our	new	3
our	party	3
our	poor	3
our	power	3
our	time	3
our	cases	2
our	cat	2
our	connection	2
our	dear	2
ourselves	in	9
ourselves	if	3
ourselves	that	3
ourselves	and	2
out	of	202
out	the	38
out	to	35
out	and	30
out	in	20
out	his	18
out	into	17
out	from	16
out	upon	16
out	that	15
out	at	14
out	a	13
out	i	12
out	again	11
out	for	9
out	her	9
out	with	9
out	as	8
out	my	8
out	but	6
out	like	6
out	what	6
out	she	5
out	there	5
outlined	against	2
outrages	were	2
outside	the	10
outside	and	5
outside	of	3
outside	he	2
outskirts	of	2
over	the	94
over	his	24
over	and	20
over	her	18
over	it	18
over	to	18
over	a	14
over	this	12
over	with	11
over	their	10
over	them	10
over	i	7
over	my	7
over	in	6
over	at	5
over	for	5
over	here	5
over	him	5
over	me	5
over	she	5
over	all	4
over	he	4
over	our	4
over	every	3
overcame	the	2
overcome	and	3
overpowered	by	2
owe	you	3
owe	to	2
owed	the	2
owing	to	2
own	and	15
own	family	10
own	feelings	8
own	room	8
own	little	7
own	way	7
own	children	5
own	good	4
own	house	4
own	i	4
own	opinion	4
own	thoughts	4
own	but	3
own	case	3
own	eyes	3
own	happiness	3
own	he	3
own	judgment	3
own	that	3
own	the	3
own	to	3
own	vanity	3
own	account	2
own	age	2
owner	of	4
oxford	street	2
oz	the	19
oz	was	10
oz	i	9
oz	had	8
oz	to	7
oz	will	7
oz	and	6
oz	has	5
oz	is	5
oz	but	4
oz	could	4
oz	himself	4
oz	chapter	3
oz	he	3
oz	how	3
oz	said	3
oz	so	3
oz	you	3
oz	asked	2
oz	because	2
oz	oh	2
oz	sent	2
oz	step	2
oz	that	2
pa	was	2
paced	up	5
pacing	up	2
pack	of	6
paddock	and	2
paid	the	6
paid	and	2
paid	for	2
paid	her	2
paid	him	2
pain	and	5
pain	to	5
pain	but	4
pain	of	4
pain	her	2
pain	i	2
pain	me	2
pain	she	2
painful	and	3
painful	to	3
painful	than	2
paint	i	2
painted	face	3
painted	green	2
painted	my	2
pair	of	18
palace	and	7
palace	of	4
palace	but	2
palace	my	2
pale	and	7
pale	face	4
pale	with	3
palm	of	4
palpitating	with	2
paper	and	7
paper	in	5
paper	from	4
paper	which	3
paper	as	2
paper	but	2
paper	has	2
paper	it	2
paper	label	2
papers	and	5
papers	which	4
papers	i	3
papers	in	2
papers	it	2
papers	of	2
papers	on	2
papers	to	2
pardon	for	3
pardon	me	3
pardon	cried	2
pardon	said	2
parish	and	2
park	every	2
park	he	2
park	is	2
park	the	2
park	was	2
parsonage	and	4
parsonage	house	2
part	of	61
part	i	6
part	in	4
part	from	3
part	that	3
part	which	3
part	with	3
part	he	2
part	is	2
part	she	2
part	us	2
parted	from	4
parted	a	2
parted	at	2
parted	in	2
partial	to	8
partiality	for	5
particular	friend	3
particular	to	3
particular	regard	2
particularly	to	4
particulars	of	8
particulars	and	2
particulars	as	2
particulars	but	2
particulars	it	2
particulars	that	2
parties	and	3
parting	obeisance	3
parting	with	2
partner	and	3
partner	in	3
partner	i	2
partner	mr	2
partner	to	2
parts	of	5
party	were	7
party	i	5
party	in	5
party	at	4
party	for	4
party	with	4
party	and	3
party	but	3
party	entered	3
party	of	3
party	is	2
party	was	2
pass	the	9
pass	through	7
pass	away	6
pass	my	2
pass	over	2
passage	and	10
passage	in	2
passed	away	9
passed	through	8
passed	between	7
passed	in	7
passed	at	6
passed	the	6
passed	by	5
passed	his	5
passed	and	4
passed	down	4
passed	before	3
passed	off	3
passed	on	3
passed	out	3
passed	over	3
passed	to	3
passed	after	2
passed	all	2
passed	her	2
passed	it	2
passed	quietly	2
passed	safely	2
passed	some	2
passers	by	3
passing	in	4
passing	the	4
passing	through	4
passing	at	2
passion	and	2
passion	was	2
past	the	5
past	six	4
past	ten	3
past	and	2
past	belief	2
past	her	2
past	his	2
past	it	2
past	me	2
past	nine	2
past	one	2
path	and	3
path	it	2
patience	in	2
patience	to	2
patience	with	2
patient	said	2
patiently	until	2
patted	him	2
patted	his	2
pattering	of	4
pause	of	3
pause	added	2
pause	the	2
paused	and	3
paved	with	4
pavement	had	2
pavement	with	2
pawnbroker's	business	2
paws	and	2
pay	him	4
pay	for	2
pay	his	2
pay	is	2
pay	it	2
pay	to	2
pe	pep	2
pea	jacket	3
peace	of	2
peculiar	to	3
peculiar	and	2
peculiar	kind	2
peculiar	that	2
peculiar	tint	2
peculiarly	strong	2
peep	at	2
peeped	out	2
pen	and	2
pen	knife	2
pencil	and	2
pennies	and	2
people	who	12
people	in	11
people	and	6
people	of	6
people	were	5
people	had	4
people	are	3
people	but	3
people	have	3
people	so	3
people	to	3
people	with	3
people	as	2
people	came	2
people	can	2
people	do	2
people	free	2
people	may	2
people	on	2
people	that	2
people	the	2
people	up	2
people	where	2
people	would	2
pep	pe	2
pepper	in	2
pepper	that	2
perceive	that	8
perceived	that	3
perceived	in	2
perched	upon	3
perched	himself	2
perfect	indifference	4
perfect	as	2
perfect	unconcern	2
perfectly	natural	4
perfectly	satisfied	4
perfectly	convinced	3
perfectly	well	3
perfectly	amiable	2
perfectly	calm	2
perfectly	correct	2
perfectly	easy	2
perfectly	fresh	2
perfectly	happy	2
perfectly	indifferent	2
perfectly	ready	2
perfectly	so	2
performance	was	2
performed	her	2
perhaps	you	18
perhaps	it	16
perhaps	i	15
perhaps	he	12
perhaps	the	8
perhaps	not	6
perhaps	to	6
perhaps	we	5
perhaps	a	4
perhaps	be	4
perhaps	that	4
perhaps	after	3
perhaps	in	3
perhaps	mr	3
perhaps	said	3
perhaps	she	3
perhaps	and	2
perhaps	as	2
perhaps	at	2
perhaps	even	2
perhaps	for	2
perhaps	from	2
perhaps	have	2
perhaps	is	2
period	of	7
period	for	2
period	to	2
periods	of	2
permission	i	3
permission	for	2
permission	to	2
permit	me	2
permitted	to	4
persisted	in	2
person	who	11
person	to	8
person	in	5
person	of	4
person	and	3
person	on	3
person	whom	3
person	elizabeth	2
person	for	2
person	or	2
person	said	2
person	so	2
personal	remarks	2
persons	who	4
persuade	her	6
persuade	you	4
persuade	herself	2
persuade	him	2
persuade	me	2
persuaded	that	11
persuaded	him	2
persuaded	of	2
persuaded	would	2
persuasion	of	4
perusal	of	2
perverseness	of	3
peterson	the	2
philips	was	4
philips	and	3
philips	the	2
photograph	and	3
photograph	but	2
photograph	i	2
photograph	is	2
photograph	it	2
photograph	the	2
photograph	to	2
pick	him	2
pick	up	2
picked	up	14
picked	him	2
picked	it	2
picture	of	8
pictured	to	2
pictures	or	2
pictures	that	2
piece	of	19
piece	with	2
pieces	of	4
pieces	the	2
pig	and	3
pigeon	but	3
pigeon	had	2
pigeon	in	2
pigs	and	2
pile	of	4
piling	up	4
pinch	of	2
pins	and	2
pipe	and	4
pipe	which	3
pipe	with	2
pips	in	2
pips	which	2
pistol	ready	2
pistol	to	2
pitch	of	2
piteous	spectacle	2
pitiable	state	4
pitied	her	2
pity	that	3
pity	it	2
pity	the	2
pity	to	2
pity	you	2
place	and	13
place	where	11
place	in	8
place	i	7
place	of	7
place	it	5
place	to	5
place	with	5
place	they	4
place	a	3
place	as	3
place	at	3
place	but	3
place	for	3
place	he	3
place	that	3
place	the	3
place	entirely	2
place	him	2
place	is	2
place	near	2
place	no	2
place	we	2
place	what	2
placed	in	5
placed	his	4
placed	it	3
placed	them	3
placed	a	2
placed	himself	2
placed	upon	2
places	and	3
places	the	3
plain	but	2
plain	clothes	2
plain	one	2
plain	that	2
plainly	furnished	4
plainly	but	2
plan	and	4
plan	of	4
plan	did	2
plan	it	2
planned	the	3
planning	the	2
plans	i	2
plans	of	2
plates	and	2
play	at	6
play	and	5
play	croquet	5
play	a	3
play	with	2
played	as	2
played	with	2
players	and	2
playing	with	3
pleaded	poor	2
pleasant	i	2
pleasant	to	2
pleasantness	of	3
please	check	500
please	let	500
please	send	500
please	try	500
please	your	6
please	and	2
please	do	2
please	don't	2
please	sir	2
pleased	with	14
pleased	to	13
pleased	and	6
pleased	at	2
pleased	but	2
pleased	her	2
pleased	him	2
pleased	i	2
pleased	so	2
pleased	that	2
pleasing	and	3
pleasing	earnest	3
pleasing	attentions	2
pleasing	intelligence	2
pleasing	to	2
pleasure	of	23
pleasure	in	16
pleasure	and	10
pleasure	to	10
pleasure	from	3
pleasure	i	3
pleasure	or	3
pleasure	because	2
pleasure	but	2
pleasure	he	2
pleasure	is	2
pleasure	it	2
pleasure	she	2
pleasure	that	2
pleasure	though	2
pleasure	was	2
pleasure	which	2
pleasures	of	2
pledged	myself	2
plenty	of	11
plumber	was	2
pocket	and	9
pocket	he	3
pocket	book	2
pocket	of	2
pockets	and	2
point	of	23
point	in	7
point	which	6
point	on	5
point	she	4
point	a	3
point	and	3
point	i	3
point	out	3
point	upon	3
point	but	2
point	from	2
point	however	2
point	it	2
point	was	2
pointed	to	8
pointed	out	5
pointing	to	9
pointing	out	4
pointing	with	2
points	in	5
points	about	4
points	of	2
points	which	2
poison	or	2
poker	and	2
poky	little	2
pole	in	6
pole	and	2
police	and	5
police	court	4
police	as	3
police	but	3
police	have	3
police	station	3
police	agent	2
police	are	2
police	i	2
policeman	or	2
polished	societies	2
politeness	and	3
politeness	of	2
politeness	which	2
pool	and	4
pool	of	4
pool	which	3
pool	i	2
pool	is	2
pool	the	2
pool	was	2
poor	little	14
poor	alice	11
poor	man	5
poor	scarecrow	4
poor	father	3
poor	girl	3
poor	lydia	3
poor	mother	3
poor	creature	2
poor	dear	2
poor	frank	2
poor	jane	2
poor	mary	2
poor	nerves	2
poor	sister	2
pope's	court	3
poppy	bed	3
poppy	field	3
porridge	and	2
portion	of	4
position	in	6
position	i	2
position	when	2
possess	a	2
possessed	in	2
possessed	of	2
possession	of	12
possibility	of	15
possible	that	19
possible	and	9
possible	to	7
possible	i	6
possible	the	4
possible	for	3
possible	however	3
possible	solution	3
possible	at	2
possible	attention	2
possible	but	2
possible	it	2
possible	she	2
possible	they	2
possible	way	2
possible	when	2
possible	you	2
possibly	have	4
possibly	be	2
post	and	3
post	by	2
post	to	2
posted	to	3
pounds	was	3
pounds	he	2
pounds	in	2
pounds	she	2
pounds	would	2
poured	in	2
power	to	23
power	of	17
power	and	3
power	by	3
power	i	3
power	in	2
power	was	2
power	you	2
powerful	and	3
powerful	as	2
powerful	charm	2
powerful	motive	2
powerful	than	2
powers	of	5
powers	to	4
powers	were	2
practical	jokes	2
practice	and	2
practice	in	2
practice	is	2
practice	of	2
praise	of	8
praise	and	2
praise	on	2
praise	the	2
pray	what	9
pray	do	7
pray	take	6
pray	tell	6
pray	continue	4
pray	let	4
pray	make	3
pray	give	2
pray	go	2
pray	how	2
pray	proceed	2
pray	sit	2
pray	that	2
pray	you	2
precious	stone	3
precious	case	2
precisely	so	5
precisely	and	2
prefer	to	4
prefer	a	2
preference	which	4
preference	of	2
prejudice	against	2
premises	and	2
prepare	for	6
prepared	to	5
prepared	for	4
preparing	to	3
preparing	for	2
presence	of	12
presence	i	2
presence	might	2
presence	she	2
present	i	6
present	and	4
present	a	3
present	it	3
present	to	3
present	book	2
present	case	2
present	circumstances	2
present	instance	2
present	moment	2
present	mr	2
present	occasion	2
present	party	2
present	the	2
presentation	at	2
presented	by	2
presented	to	2
presently	she	3
presently	he	2
presently	the	2
preservation	of	2
preserve	my	2
press	and	2
press	charles	2
press	her	2
pressing	her	2
pressing	my	2
pressure	of	3
presume	that	4
presume	said	2
presume	yes	2
presumption	that	3
pretend	to	9
pretending	not	2
pretending	to	2
pretensions	to	3
pretty	little	4
pretty	well	4
pretty	green	3
pretty	much	3
pretty	and	2
pretty	but	2
pretty	girl	2
pretty	good	2
pretty	shoes	2
prevailed	on	14
prevent	it	3
prevent	its	3
prevent	her	2
prevent	his	2
prevent	me	2
prevent	my	2
prevent	the	2
prevent	your	2
prevented	by	5
prevented	her	4
prevented	his	3
prevented	their	3
prevented	the	2
previous	night	3
previous	study	2
price	of	3
pride	and	18
pride	his	3
pride	of	3
pride	had	2
pride	he	2
pride	in	2
pride	she	2
princess	who	2
principal	object	2
printed	upon	2
privilege	of	2
privileged	to	2
probability	of	8
probable	that	8
probable	and	2
probable	one	2
probably	be	5
probably	never	4
probably	been	3
probably	not	2
probed	to	2
problem	and	4
problem	which	3
problem	said	2
problem	upon	2
problems	and	3
problems	which	2
proceed	from	3
proceed	to	3
proceeded	to	4
proceeding	from	4
process	of	4
procession	came	2
produce	a	2
produce	the	2
produced	but	2
produced	by	2
profession	i	3
professional	and	2
professional	beggar	2
professions	of	4
progress	through	2
promise	of	7
promise	to	4
promise	me	3
promise	you	3
promise	that	2
promised	to	21
promised	her	3
promises	to	6
prompt	and	2
prompt	as	2
prone	to	2
pronounced	to	4
pronounced	her	2
pronounced	him	2
proof	of	6
proof	that	3
proof	against	2
proof	i	2
propensity	to	2
proper	way	3
proper	direction	2
proper	place	2
property	he	2
property	of	2
property	to	2
proportion	to	2
proposal	and	4
proposals	but	3
proposals	which	2
propose	to	2
propriety	of	3
prospect	of	10
prospects	and	2
prospects	of	2
protect	him	2
protect	the	2
protected	by	2
protection	and	2
protested	that	9
protested	he	3
protesting	that	3
proud	of	10
proud	and	3
proud	to	3
proud	as	2
proud	but	2
proud	i	2
proud	that	2
prove	to	5
prove	that	3
proved	that	5
proved	to	4
proved	a	2
proved	it	2
proves	nothing	2
provide	for	4
provided	for	3
provided	that	2
provoke	him	2
provoked	a	2
provoking	me	2
public	and	2
public	exposure	2
public	house	2
public	scandal	2
public	the	2
puffing	at	2
pull	it	4
pull	the	2
pulled	a	4
pulled	me	3
pulled	up	3
pulled	at	2
pulled	down	2
pulled	his	2
pulled	out	2
pulling	on	2
punctual	to	2
punishment	to	3
pure	and	2
pure	white	2
purely	nominal	3
purple	plush	2
purport	of	3
purpose	of	6
purpose	to	4
purpose	the	2
purpose	was	2
purposely	to	2
pursued	the	2
pursuit	of	4
push	the	4
pushed	her	2
pushed	to	2
pushing	her	2
put	on	23
put	it	21
put	the	18
put	his	11
put	an	8
put	a	7
put	in	7
put	down	6
put	your	6
put	my	5
put	up	5
put	her	4
put	them	4
put	me	3
put	out	3
put	us	3
put	back	2
put	herself	2
put	our	2
put	their	2
put	to	2
put	yourself	2
putting	his	4
putting	away	2
puzzle	me	2
puzzled	her	3
puzzled	to	2
quadrille	the	2
qualified	to	3
quarrel	about	2
quarrel	with	2
quarter	of	8
quarter	past	3
quartered	in	3
quarters	received	2
queen	of	11
queen	and	8
queen	said	5
queen	was	4
queen	who	4
queen	had	3
queen	in	3
queen	the	3
queen	turned	3
queen	but	2
queen	i	2
queen	never	2
queen	to	2
queen's	croquet	2
queer	to	3
queer	little	2
queer	things	2
quest	of	8
question	and	7
question	of	5
question	the	5
question	which	5
question	is	4
question	said	4
question	was	4
question	whether	4
question	but	3
question	in	3
question	as	2
question	or	2
question	that	2
question	you	2
questioned	by	3
questioning	glance	3
questioning	and	2
questioning	glances	2
questions	and	4
questions	which	4
questions	to	3
questions	about	2
questions	but	2
quick	in	3
quick	step	3
quick	as	2
quick	eye	2
quick	steps	2
quickly	as	3
quiet	and	5
quiet	little	2
quiet	one	2
quiet	the	2
quietly	and	3
quietly	i	3
quietly	as	2
quietly	at	2
quietly	into	2
quietly	we	2
quill	pen	2
quit	her	3
quit	the	3
quit	it	2
quite	so	27
quite	a	26
quite	as	13
quite	well	6
quite	certain	5
quite	happy	5
quite	right	5
quite	sure	5
quite	follow	4
quite	impossible	4
quite	understand	4
quite	alone	3
quite	an	3
quite	clear	3
quite	delighted	3
quite	enough	3
quite	equal	3
quite	forgetting	3
quite	forgot	3
quite	out	3
quite	too	3
quite	agree	2
quite	beyond	2
quite	easily	2
quitting	the	3
rabbit	hole	5
rabbit	with	3
rabbit	and	2
rabbit	blew	2
rabbit	came	2
rabbit	in	2
rabbit	read	2
rabbit	say	2
rabbit	sends	2
rabbit	was	2
rabbit	who	2
rabbit's	voice	2
race	and	2
race	of	2
race	said	2
raft	and	2
raft	was	2
rage	and	2
rain	and	2
rain	as	2
raise	his	4
raise	the	4
raise	up	2
raised	his	6
raised	her	3
raised	from	2
raised	the	2
raising	his	3
ran	out	6
ran	away	4
ran	off	4
ran	to	4
ran	as	3
ran	down	3
ran	forward	3
ran	in	3
ran	into	3
ran	a	2
ran	across	2
ran	around	2
ran	back	2
ran	round	2
ran	swiftly	2
ran	the	2
ran	through	2
ran	up	2
ran	with	2
rang	the	5
range	of	2
rank	and	3
rank	she	2
rapidity	and	2
rapidity	of	2
raptures	of	2
rashness	of	2
rate	she	3
rate	a	2
rate	it	2
rate	that	2
rather	than	16
rather	a	9
rather	not	7
rather	to	6
rather	more	5
rather	have	4
rather	an	2
rather	be	2
rather	believe	2
rather	expected	2
rather	go	2
rather	i	2
rather	of	2
rather	offended	2
rather	pretty	2
rather	timidly	2
rather	too	2
rattle	of	5
rattling	around	2
raving	mad	2
ray	of	2
reach	the	8
reach	it	6
reach	of	6
reached	the	21
reached	her	5
reached	it	4
reached	to	2
reaching	the	2
reaching	up	2
reaction	of	2
read	it	19
read	the	11
read	and	5
read	on	4
read	with	4
read	aloud	3
read	as	3
read	in	3
read	novels	3
read	that	3
read	a	2
read	about	2
read	for	2
read	out	2
read	over	2
read	to	2
read	you	2
reader	and	2
reader	was	2
readers	of	3
readily	comprehend	2
readily	engaged	2
reading	the	4
reading	but	3
reading	i	3
reading	and	2
reading	in	2
reading	it	2
reading	jane's	2
reading	to	2
ready	to	28
ready	for	8
ready	enough	3
ready	in	3
ready	i	2
ready	the	2
real	character	5
real	opinion	3
real	name	2
real	witch	2
really	a	7
really	i	5
really	is	5
really	believe	4
really	are	3
really	believed	3
really	cannot	3
really	have	3
really	it	3
really	the	3
really	to	3
really	be	2
really	did	2
really	done	2
really	glad	2
really	ill	2
really	impossible	2
really	in	2
really	know	2
really	love	2
really	loved	2
really	mr	2
really	now	2
really	said	2
reason	to	23
reason	for	9
reason	of	9
reason	and	5
reason	why	5
reason	is	4
reason	i	3
reason	that	3
reason	with	3
reason	away	2
reason	but	2
reason	from	2
reason	she	2
reason	so	2
reasonable	and	2
reasonable	as	2
reasonably	hope	2
reasoner	and	2
reasoning	i	3
reasoning	and	2
reasons	for	6
reasons	to	3
reasons	i	2
recall	any	2
recall	the	2
recalled	to	2
receipt	of	2
receive	a	5
receive	them	5
receive	the	3
receive	an	2
receive	from	2
receive	her	2
receive	it	2
received	a	6
received	from	5
received	an	4
received	his	4
received	them	4
received	and	3
received	at	3
received	by	3
received	with	3
received	her	2
received	him	2
received	in	2
received	no	2
received	pleasure	2
received	some	2
received	the	2
received	this	2
receiving	her	3
receiving	an	2
receiving	them	2
receiving	this	2
reception	of	3
reception	at	2
recollected	that	3
recollected	her	2
recollected	herself	2
recollecting	herself	2
recollection	of	6
recollection	and	2
recollections	will	2
recommend	you	3
recommend	himself	2
recommend	them	2
recommended	him	3
recommended	her	2
recommended	to	2
recompense	you	3
reconciled	to	2
record	of	2
records	of	3
recover	her	2
recover	the	2
recovered	his	3
recovered	as	2
recovering	himself	2
recovery	of	3
rector	of	2
red	headed	20
red	hair	4
red	in	4
red	head	3
red	and	2
red	ink	2
red	or	2
reduced	to	4
reference	to	8
referred	to	4
referred	the	2
reflect	on	2
reflect	with	2
reflected	on	2
reflection	and	2
reflections	which	2
refrain	from	4
refreshed	and	2
refreshment	but	2
refusal	to	2
refuse	him	2
refuse	the	2
refuse	to	2
refused	to	8
refused	him	3
refused	i	2
refusing	him	2
refusing	to	2
regard	to	11
regard	for	10
regard	and	5
regard	with	3
regard	but	2
regard	had	2
regard	it	2
regard	nor	2
regard	which	2
regardless	of	2
regent	street	2
regiment	went	3
regret	and	4
regret	that	3
regretted	having	2
regretted	the	2
reigning	family	2
reject	the	2
rejoice	in	3
rejoice	over	2
rejoiced	in	5
rejoiced	to	2
relate	and	2
relate	her	2
relate	the	2
related	the	8
related	to	4
relates	to	2
relation	between	2
relation	of	2
relation	to	2
relations	and	2
relations	at	2
relations	for	2
relations	to	2
relations	was	2
relations	were	2
relations	with	2
relationship	to	3
relationship	and	2
reliance	on	2
relief	to	6
relief	from	2
relieve	him	2
relieved	by	3
relieved	from	2
rely	upon	3
rely	on	2
remain	in	4
remain	a	2
remain	dear	2
remain	with	2
remainder	of	3
remained	to	5
remained	at	4
remained	in	3
remained	the	3
remained	but	2
remained	for	2
remained	of	2
remained	with	2
remaining	where	2
remains	to	3
remark	that	4
remark	on	2
remarkable	in	3
remarkable	and	2
remarkable	as	2
remarkable	save	2
remarkable	that	2
remarkably	well	3
remarkably	small	2
remarked	the	19
remarked	holmes	11
remarked	as	4
remarked	that	4
remarked	i	3
remarked	if	3
remarked	and	2
remarked	not	2
remarked	so	2
remarked	to	2
remarked	what	2
remarks	of	2
remarks	on	2
remarks	very	2
remember	that	15
remember	the	7
remember	right	3
remember	ever	2
remember	her	2
remember	it	2
remember	no	2
remember	what	2
remember	where	2
remembered	that	6
remembered	how	2
remembered	the	2
remembered	to	2
remembering	that	2
remind	the	2
reminded	elizabeth	2
reminding	her	2
removal	from	2
removal	was	2
remove	the	2
removed	from	5
removed	and	2
removed	the	2
removed	to	2
removing	from	2
renewal	of	6
renewed	on	2
rent	free	2
repaired	to	3
repay	you	2
repeat	it	3
repeated	the	3
repeated	his	2
repeated	in	2
repeated	with	2
repetition	of	3
replied	the	31
replied	elizabeth	18
replied	jane	7
replied	darcy	6
replied	dorothy	6
replied	oz	6
replied	that	6
replied	with	6
replied	but	5
replied	her	5
replied	in	5
replied	very	5
replied	mr	4
replied	and	3
replied	he	3
replied	rather	3
replied	charlotte	2
replied	i	2
replied	it	2
replied	kitty	2
replied	only	2
replied	she	2
replied	then	2
replied	to	2
reply	to	6
reply	when	4
reply	and	3
reply	but	2
reply	mr	2
reply	was	2
reply	with	2
report	of	3
report	which	3
report	is	2
representation	of	3
represented	to	3
representing	to	2
reproach	that	2
repugnant	to	2
reputation	of	2
request	of	4
request	that	3
request	answered	2
request	for	2
request	made	2
requested	to	2
rescue	of	2
rescue	the	2
resemblance	of	4
resemblance	to	3
resent	the	2
resentment	against	2
resentment	by	2
resentment	was	2
reserve	and	2
reserved	for	2
reserves	from	2
residence	in	2
residing	alone	2
resigned	as	2
resist	the	3
resolution	of	7
resolution	to	3
resolution	and	2
resolution	was	2
resolved	to	15
resolved	on	11
resolved	not	3
resolved	against	2
resolved	that	2
resolving	to	6
respect	for	5
respect	to	5
respect	and	3
respect	which	3
respect	i	2
respect	of	2
respect	so	2
respect	towards	2
respect	your	2
respectable	family	2
respectable	man	2
respects	to	3
responsible	for	2
rest	of	35
rest	and	4
rest	for	3
rest	there	3
rest	assured	2
rest	but	2
rest	from	2
rest	herself	2
rest	in	2
rest	is	2
rest	it	2
rest	on	2
rest	upon	2
rested	upon	3
rested	on	2
restoration	of	2
restoration	to	2
restored	to	2
restraint	which	2
result	of	7
result	i	4
results	of	2
results	the	2
results	which	2
retain	the	3
retire	for	2
retired	to	6
return	to	18
return	and	5
return	into	4
return	by	3
return	for	3
return	home	3
return	i	3
return	it	3
return	the	3
return	as	2
return	from	2
return	in	2
return	of	2
returned	to	24
returned	the	14
returned	from	7
returned	with	7
returned	and	6
returned	dorothy	4
returned	in	3
returned	into	3
returned	holmes	2
returned	home	2
returned	she	2
returning	to	8
returning	from	3
returning	home	2
returning	no	2
revealing	what	2
review	of	2
revolver	in	2
reward	you	2
ribbon	around	2
rich	and	10
rich	he	3
rich	men	2
rid	of	10
ridicule	and	2
right	to	21
right	and	11
right	hand	10
right	said	10
right	away	6
right	in	5
right	side	5
right	size	5
right	way	5
right	foot	4
right	as	3
right	he	3
right	into	3
right	on	3
right	than	3
right	through	3
right	up	3
right	you	3
right	across	2
right	again	2
right	but	2
right	forefinger	2
right	i	2
right	i'm	2
rights	of	2
ring	and	5
ring	the	4
ring	at	2
ring	it	2
rise	to	3
rising	and	4
rising	from	3
rising	every	2
rising	ground	2
rising	i	2
rising	to	2
risk	the	2
river	and	5
river	the	3
river	but	2
river	flowing	2
river	for	2
river	in	2
riverside	and	2
road	and	12
road	of	12
road	to	6
road	a	4
road	the	4
road	was	4
road	in	3
road	at	2
road	but	2
road	is	2
road	london	2
road	that	2
road	through	2
road	we	2
road	where	2
road	which	2
road	with	2
roar	and	3
roar	of	2
roar	that	2
robert	st	4
rock	and	2
rock	the	2
rocks	and	2
rocks	at	2
rode	a	3
rolled	down	3
rolled	over	3
roof	and	3
roof	was	3
roof	of	2
room	and	59
room	for	17
room	in	17
room	she	14
room	he	12
room	at	11
room	with	11
room	i	9
room	the	9
room	to	9
room	was	9
room	where	8
room	which	7
room	elizabeth	6
room	her	6
room	of	6
room	as	5
room	it	5
room	that	5
room	they	5
room	a	4
room	again	4
room	but	4
room	had	4
rooms	and	5
rooms	were	5
rooms	at	4
rooms	in	3
rooms	it	2
rooms	open	2
rooms	so	2
rooms	which	2
roots	of	3
rope	and	2
rope	which	2
ropes	and	2
rose	to	8
rose	and	6
rose	from	4
rose	into	4
rose	tree	4
rose	as	3
rose	up	3
rose	bushes	2
ross	and	3
ross	was	2
rough	and	4
round	the	35
round	and	17
round	to	12
round	it	10
round	her	7
round	his	5
round	but	3
round	him	3
round	she	3
round	with	3
round	a	2
round	he	2
round	me	2
round	my	2
round	table	2
round	this	2
roused	by	2
routine	of	3
row	of	6
row	broke	2
rows	of	2
royal	children	2
rubbed	his	3
rubbing	his	5
rude	if	2
rug	and	2
ruin	him	2
ruin	of	2
ruin	that	2
rule	over	8
rule	and	2
rule	in	2
ruled	by	3
ruler	of	2
run	away	10
run	down	5
run	back	3
run	for	3
run	i	2
run	over	2
run	to	2
running	up	4
running	a	3
running	away	3
running	into	3
running	through	3
running	toward	3
running	after	2
running	as	2
running	down	2
running	out	2
runs	down	3
rush	at	2
rush	of	2
rush	to	2
rushed	into	9
rushed	down	5
rushed	forward	4
rushed	at	3
rushed	out	3
rushed	across	2
rushed	back	2
rushed	from	2
rushed	upstairs	2
rushing	to	2
rust	again	2
rust	and	2
rusted	and	3
s	d	4
s	a	2
s	regiment	2
sacrifice	to	3
sacrifice	of	2
sad	and	2
sad	business	2
sad	faced	2
sadly	for	2
safe	and	6
safe	from	5
safe	for	2
safe	in	2
safe	the	2
safe	to	2
safe	with	2
safely	say	3
safely	on	2
safety	and	4
said	the	385
said	he	184
said	alice	116
said	holmes	111
said	i	81
said	to	77
said	she	74
said	elizabeth	43
said	dorothy	39
said	that	33
said	mr	25
said	in	24
said	and	23
said	her	22
said	mrs	20
said	miss	16
said	nothing	15
said	jane	14
said	it	13
said	my	13
said	a	12
said	this	11
said	of	10
said	as	9
sailing	ship	3
sake	of	12
sake	and	2
sake	don't	2
sake	have	2
sake	tell	2
sake	that	2
sallow	cheeks	2
salt	water	2
same	time	21
same	thing	9
same	as	7
same	said	5
same	age	3
same	and	3
same	house	3
same	size	3
same	way	3
same	at	2
same	by	2
same	feelings	2
same	good	2
same	instant	2
same	kind	2
same	old	2
same	position	2
same	source	2
same	state	2
same	the	2
same	they	2
same	with	2
sample	of	2
san	francisco	2
sank	his	3
sank	into	2
sat	down	50
sat	in	11
sat	up	8
sat	with	6
sat	for	5
sat	silent	5
sat	upon	5
sat	on	3
sat	still	3
sat	a	2
sat	at	2
sat	beside	2
sat	opposite	2
sat	over	2
sat	quite	2
sat	there	2
sat	together	2
satisfaction	of	9
satisfaction	in	4
satisfaction	she	3
satisfaction	and	2
satisfaction	as	2
satisfaction	till	2
satisfied	with	15
satisfied	and	4
satisfied	that	3
satisfied	from	2
satisfied	her	2
satisfy	her	2
satisfy	myself	2
satisfy	the	2
saturday	and	4
saturday	night	3
saturday	he	2
saturday	i	2
saturday	the	2
saucer	of	4
save	the	10
save	a	6
save	that	5
save	for	3
save	him	3
save	only	2
save	perhaps	2
save	us	2
saved	the	4
saved	my	3
saved	her	2
saved	him	2
saved	me	2
saving	my	2
saw	him	31
saw	the	31
saw	that	25
saw	a	15
saw	her	14
saw	in	7
saw	you	7
saw	all	6
saw	mr	6
saw	such	6
saw	his	5
saw	no	5
saw	nothing	5
saw	them	5
saw	to	5
saw	anything	4
saw	how	4
saw	it	4
saw	me	4
saw	with	4
saw	before	3
saw	dorothy	3
saw	frank	3
saw	one	3
say	that	59
say	to	17
say	he	10
say	i	10
say	in	10
say	nothing	10
say	so	10
say	it	9
say	she	9
say	what	9
say	you	9
say	a	7
say	no	7
say	something	7
say	but	6
say	the	6
say	of	5
say	there	5
say	and	4
say	anything	4
say	how	4
say	mr	4
say	if	3
say	this	3
saying	to	12
saying	a	4
saying	so	4
saying	that	4
saying	i	3
saying	what	3
saying	anything	2
saying	as	2
saying	if	2
saying	in	2
saying	it	2
saying	much	2
saying	there	2
says	that	7
says	she	4
says	i	3
says	about	2
says	he	2
says	is	2
says	it	2
scampered	out	2
scandal	in	3
scandal	and	2
scandal	would	2
scandalous	falsehood	2
scar	which	2
scarcely	ever	6
scarcely	to	4
scarcely	knowing	3
scarcely	a	2
scarcely	any	2
scarcely	anything	2
scarcely	less	2
scarcely	needed	2
scarcely	opened	2
scarcely	spoke	2
scare	the	2
scarecrow	and	30
scarecrow	but	9
scarecrow	i	8
scarecrow	who	7
scarecrow	for	6
scarecrow	said	6
scarecrow	was	6
scarecrow	you	6
scarecrow	had	5
scarecrow	in	5
scarecrow	to	5
scarecrow	when	5
scarecrow	so	4
scarecrow	the	4
scarecrow	did	3
scarecrow	found	3
scarecrow	he	3
scarecrow	are	2
scarecrow	as	2
scarecrow	chapter	2
scarecrow	climbed	2
scarecrow	fell	2
scarecrow	if	2
scarecrow	it	2
scarecrow's	clothes	3
scarecrow's	head	2
scarlet	i	2
scarlet	poppies	2
scene	of	11
scene	and	2
scene	in	2
scenes	and	2
scent	of	5
scheme	of	5
scheme	and	4
scheme	to	2
schemes	for	2
school	and	2
school	at	2
school	in	2
scissors	grinder	2
score	of	3
scores	of	2
scotch	bonnet	2
scotland	yard	10
scream	of	4
scream	and	2
screamed	and	4
screamed	the	4
screen	and	2
scruple	to	2
scrupled	not	2
sea	but	2
sea	i	2
sea	the	2
search	of	6
search	for	5
season	of	2
seat	and	4
seat	as	2
seat	at	2
seat	of	2
seated	at	4
seated	himself	4
seated	in	3
seated	by	2
second	time	9
second	daughter	4
second	floor	3
second	son	3
second	day	2
second	is	2
second	letter	2
second	thoughts	2
secondly	because	2
seconds	of	2
secrecy	which	4
secrecy	was	3
secrecy	she	2
secret	and	3
secret	he	2
secret	of	2
secret	said	2
secret	was	2
secretary	for	2
secure	and	3
secure	of	3
secure	the	3
secure	a	2
secure	it	2
secured	at	2
security	for	2
security	is	2
see	you	1526
see	that	51
see	the	51
see	him	35
see	how	26
see	what	25
see	it	24
see	her	21
see	a	19
see	me	14
see	if	11
see	mr	10
see	any	8
see	said	8
see	whether	8
see	no	7
see	nothing	6
see	them	6
see	your	6
see	as	5
see	my	5
see	by	4
see	i	4
see	more	4
seeing	him	15
seeing	her	10
seeing	you	10
seeing	that	9
seeing	the	5
seeing	me	4
seeing	mr	4
seeing	them	4
seeing	a	2
seeing	it	2
seek	me	6
seek	a	2
seek	it	2
seek	the	2
seek	to	2
seeking	her	2
seeking	the	2
seem	to	28
seem	as	3
seem	so	3
seemed	to	107
seemed	quite	7
seemed	a	5
seemed	the	4
seemed	almost	3
seemed	that	3
seemed	likely	2
seemed	pleased	2
seemed	very	2
seeming	to	2
seems	to	33
seems	a	5
seems	that	3
seems	but	2
seems	likely	2
seems	rather	2
seen	him	15
seen	a	12
seen	them	11
seen	the	9
seen	and	8
seen	her	8
seen	his	5
seen	in	5
seen	it	5
seen	such	5
seen	at	4
seen	by	4
seen	i	4
seen	that	4
seen	to	4
seen	anything	3
seen	they	3
seen	upon	3
seen	when	3
seen	you	3
seen	before	2
seen	enough	2
seen	everything	2
seen	for	2
seized	the	6
seized	and	2
seized	my	2
seized	with	2
seldom	passed	2
self	importance	4
self	denial	3
self	reproach	3
self	consequence	2
self	control	2
self	respect	2
self	restraint	2
selfish	and	2
sell	the	3
sell	it	2
send	me	509
send	you	506
send	a	5
send	for	5
send	her	5
send	him	4
send	them	4
send	any	2
send	it	2
sends	in	2
sensations	they	2
sense	of	23
sense	and	14
sense	to	5
sense	in	4
sense	that	2
senses	to	2
sensible	of	8
sensible	that	7
sensible	man	3
sensibly	and	2
sent	for	12
sent	the	6
sent	to	6
sent	them	5
sent	a	4
sent	him	3
sent	it	2
sent	off	2
sent	word	2
sentence	of	4
sentence	first	2
sentiment	of	2
sentiments	of	2
separate	us	2
sequence	of	2
serenity	of	2
series	of	10
serious	in	4
serious	as	2
serious	case	2
serious	for	2
serious	indeed	2
seriously	i	2
seriously	to	2
serpent	i	2
serpent	it	2
serpentine	avenue	3
serpentine	mews	2
servant	and	2
servant	was	2
servant	who	2
servant	will	2
servants	and	3
servants	who	2
serve	you	4
served	to	2
service	to	3
service	and	2
service	in	2
set	off	15
set	to	14
set	the	10
set	out	7
set	it	5
set	him	4
set	them	4
set	about	3
set	down	3
set	eyes	3
set	forth	3
set	closely	2
set	her	2
set	herself	2
set	in	2
set	me	2
set	with	2
set	your	2
setting	sun	2
settle	down	3
settle	it	2
settle	the	2
settle	with	2
settled	that	7
settled	in	5
settled	and	4
settled	at	4
settled	down	4
settled	between	3
settled	it	3
settled	he	2
settled	his	2
settled	on	2
settled	the	2
settled	upon	2
settles	the	2
seven	years	5
seven	weeks	4
seven	miles	3
seven	o'clock	3
seven	and	2
seven	i	2
several	times	10
several	of	6
several	minutes	5
several	miles	3
several	other	3
several	people	3
several	days	2
several	places	2
several	years	2
severe	upon	3
severe	on	2
shade	of	7
shades	of	3
shadow	of	3
shadow	pass	2
shadow	upon	2
shag	tobacco	2
shaggy	mane	2
shake	off	2
shaking	his	5
shaking	him	2
shall	be	71
shall	not	39
shall	have	30
shall	never	19
shall	we	19
shall	i	15
shall	soon	15
shall	see	13
shall	go	10
shall	take	10
shall	certainly	9
shall	get	9
shall	now	6
shall	call	5
shall	know	5
shall	do	4
shall	ever	4
shall	find	4
shall	give	4
shall	hear	4
shall	hope	4
shall	just	4
shall	keep	4
shall	probably	4
shame	and	3
shan't	be	2
shape	of	6
shape	again	3
shape	a	2
shape	and	2
shaped	like	3
share	of	12
share	in	3
share	my	2
shared	in	2
sharing	rooms	2
sharp	claws	3
sharp	and	2
sharp	face	2
sharp	little	2
sharp	rocks	2
sharp	teeth	2
sharply	and	4
sharply	i	2
shattered	by	2
she	was	360
she	had	349
she	could	189
she	is	114
she	would	96
she	said	80
she	did	67
she	felt	50
she	has	50
she	saw	50
she	went	45
she	thought	43
she	will	39
she	might	38
she	found	31
she	added	30
she	began	25
she	came	25
she	looked	25
she	cried	24
she	knew	23
she	should	23
she	spoke	23
she	asked	22
she's	such	2
sheep	and	2
sheet	of	12
sheets	of	3
shelf	with	2
sherlock	holmes	97
shining	brightly	2
shire	militia	2
shire	were	2
shock	of	5
shocked	at	2
shocked	to	2
shoes	and	8
shoes	i	3
shoes	she	3
shoes	he	2
shoes	said	2
shoes	that	2
shoes	to	2
shoes	which	2
shoes	with	2
shone	out	4
shone	brightly	2
shook	his	18
shook	hands	6
shook	her	4
shook	my	4
shook	its	2
shook	itself	2
shook	the	2
shook	their	2
shop	and	4
shop	window	2
shops	and	2
shore	and	2
short	time	11
short	and	10
short	pause	5
short	silence	4
short	a	3
short	of	3
short	sight	3
short	survey	3
short	as	2
short	distance	2
short	letter	2
short	that	2
short	walk	2
shortly	after	5
shot	a	4
shot	one	2
shot	out	2
should	be	123
should	have	61
should	not	57
should	like	28
should	think	18
should	do	15
should	i	13
should	never	11
should	you	9
should	come	8
should	ever	6
should	go	6
should	get	5
should	marry	5
should	say	5
should	take	5
should	wish	5
should	certainly	4
should	find	4
should	he	4
should	hear	4
should	meet	4
should	feel	3
should	happen	3
shoulder	and	4
shoulder	as	3
shoulders	and	3
shoulders	i	2
shoulders	were	2
shouldn't	be	2
shouted	the	5
shouted	to	3
shouting	off	2
show	you	7
show	her	3
show	me	3
show	how	2
show	the	2
show	them	2
show	us	2
show	where	2
showed	that	8
showed	me	5
showed	us	5
showed	her	2
shower	of	2
showing	me	2
showing	off	2
showing	that	2
shown	into	4
shown	to	4
shown	in	3
shown	him	2
shown	that	2
shown	up	2
shows	that	2
shriek	of	4
shriek	and	3
shrieked	and	2
shrieked	out	2
shrinking	rapidly	2
shrugged	his	8
shut	up	5
shut	the	4
shut	and	2
shut	his	2
sick	of	4
side	of	57
side	and	27
side	the	8
side	to	5
side	a	3
side	but	3
side	door	3
side	in	3
side	now	3
side	on	3
side	said	3
side	they	3
side	by	2
side	from	2
side	it	2
side	she	2
side	that	2
side	until	2
side	was	2
side	we	2
side	whiskers	2
side	will	2
side	with	2
sideboard	and	3
sides	of	5
sigh	of	3
sigh	i	2
sighed	deeply	2
sighed	the	2
sight	of	22
sight	and	3
sight	before	2
sight	he	2
sight	the	2
sight	then	2
sight	they	2
sight	with	2
sights	she	2
sign	of	13
sign	it	2
sign	that	2
signal	between	2
signal	to	2
signature	is	2
signed	the	2
signs	of	12
signs	that	2
silence	and	5
silence	for	4
silence	it	4
silence	of	4
silence	at	3
silence	broken	3
silence	but	3
silence	was	3
silence	alice	2
silence	all	2
silence	each	2
silence	he	2
silence	she	2
silence	to	2
silence	which	2
silence	why	2
silence	with	2
silent	and	9
silent	for	5
silent	till	3
silent	indignation	2
silent	on	2
silent	the	2
silk	and	6
silk	gown	2
silver	shoes	20
silver	whistle	3
similar	cases	2
simon	has	3
simon	i	3
simon	said	3
simon	it	2
simon	marriage	2
simon	second	2
simon	the	2
simon	to	2
simple	and	3
simple	that	2
simple	the	2
since	the	16
since	i	14
since	you	14
since	her	8
since	he	7
since	then	7
since	we	6
since	she	4
since	they	4
since	as	2
since	it	2
since	jane	2
since	that	2
since	this	2
since	your	2
single	man	3
singular	adventures	2
singular	case	2
singular	character	2
singular	features	2
singular	points	2
singular	that	2
sink	into	2
sir	william	38
sir	i	20
sir	said	11
sir	but	9
sir	george	8
sir	and	7
sir	william's	6
sir	he	5
sir	that	5
sir	the	4
sir	you	4
sir	for	3
sir	lewis	3
sir	a	2
sir	cried	2
sir	do	2
sir	if	2
sir	it	2
sir	just	2
sir	oh	2
sir	with	2
sister	and	23
sister	was	13
sister	to	11
sister	as	7
sister	of	7
sister	had	6
sister	i	6
sister	that	6
sister	is	5
sister	who	5
sister	has	4
sister	in	4
sister	must	4
sister	or	4
sister	at	3
sister	but	3
sister	does	3
sister	elizabeth	3
sister	for	3
sister	how	3
sister	it	3
sister	you	3
sister	asked	2
sister	illustration	2
sister's	and	3
sister's	feelings	3
sister's	being	2
sister's	countenance	2
sister's	wedding	2
sisters	and	9
sisters	were	8
sisters	must	3
sisters	the	3
sisters	would	3
sisters	are	2
sisters	elizabeth	2
sisters	in	2
sisters	mr	2
sisters	on	2
sisters	she	2
sisters	they	2
sisters	was	2
sit	down	21
sit	by	4
sit	here	4
sit	in	3
sit	on	3
sitting	room	17
sitting	down	8
sitting	on	7
sitting	with	5
sitting	by	4
sitting	in	4
sitting	there	4
sitting	a	3
sitting	rooms	2
situated	on	2
situation	and	7
situation	in	7
situation	of	4
situation	became	2
situation	i	2
situation	must	2
situation	now	2
situation	the	2
situation	which	2
situation	with	2
six	o'clock	4
six	weeks	4
six	of	3
six	when	3
six	inches	2
size	and	5
size	for	3
size	but	2
size	of	2
size	to	2
size	why	2
skill	and	2
skill	of	2
sky	and	4
slabs	of	2
slates	and	3
slave	for	2
slave	to	2
slaves	of	3
slaves	and	2
sleep	and	6
sleep	the	4
sleep	in	2
sleep	that	2
sleep	these	2
sleeper	and	2
sleeping	girl	2
sleepless	night	3
sleepy	and	3
sleepy	voice	2
slept	soundly	4
slight	bow	5
slight	and	3
slight	acquaintance	2
slight	inclination	2
slight	observation	2
slightest	wish	2
slip	of	3
slip	and	2
slipped	and	2
slipped	down	2
slipped	in	2
slipped	out	2
slipped	the	2
slowly	and	5
slowly	up	3
slowly	across	2
slowly	back	2
slowly	open	2
slowly	through	2
smack	smack	2
small	that	5
small	a	3
small	for	3
small	one	3
small	and	2
small	as	2
small	black	2
small	but	2
small	chamber	2
small	dark	2
small	estate	2
small	importance	2
small	job	2
small	market	2
small	matter	2
small	ones	2
small	pieces	2
small	place	2
small	points	2
small	she	2
small	square	2
small	t	2
small	wooden	2
smaller	i	2
smallest	objection	3
smallest	degree	2
smallest	idea	2
smell	of	7
smile	of	4
smile	and	3
smile	at	3
smile	i	3
smile	as	2
smile	but	2
smile	in	2
smiled	and	8
smiled	but	5
smiled	at	2
smiled	on	2
smiles	and	3
smiles	of	2
smiling	and	3
smiling	in	3
smiling	at	2
smiling	face	2
smiling	he	2
smoke	and	2
smoke	curling	2
smoke	rocket	2
smoked	a	2
smoking	and	2
smooth	and	2
snatch	in	2
snatched	it	3
sneer	upon	2
sneezing	and	2
snow	and	2
snug	and	2
so	much	104
so	that	74
so	i	71
so	she	53
so	far	40
so	they	36
so	the	31
so	well	30
so	many	28
so	very	27
so	he	25
so	it	20
so	you	19
so	long	18
so	as	17
so	and	16
so	but	15
so	little	14
so	we	14
so	said	13
so	often	12
so	easily	11
so	soon	11
so	small	10
society	and	7
society	of	5
society	but	4
society	was	4
society	a	3
society	she	2
society	so	2
sofa	and	3
soft	grass	2
softened	by	2
software	developer	500
sold	the	2
soldier	with	8
soldier	and	2
soldiers	were	2
solemn	tone	2
solemn	voice	2
solemnity	of	2
solicitude	on	2
solid	gold	2
solution	of	3
solve	is	2
solved	it	3
some	of	45
some	time	45
some	little	17
some	other	12
some	minutes	10
some	way	10
some	years	9
some	great	6
some	more	6
some	small	6
some	days	5
some	part	5
some	very	5
some	brains	4
some	day	4
some	few	4
some	news	4
some	strange	4
some	strong	4
some	weeks	4
some	danger	3
some	future	3
some	good	3
some	kind	3
somebody	else	3
someone	to	3
someone	had	2
someone	in	2
someone	or	2
someone	who	2
somersault	in	2
something	of	22
something	to	16
something	in	11
something	more	9
something	about	7
something	very	7
something	for	5
something	like	5
something	else	4
something	or	4
something	was	4
something	which	4
something	and	3
something	better	3
something	had	3
something	that	3
something	interesting	2
something	now	2
something	out	2
something	still	2
something	terrible	2
sometimes	she	4
sometimes	a	3
sometimes	i	3
sometimes	one	2
sometimes	that	2
sometimes	with	2
somewhat	of	4
somewhere	near	4
somewhere	about	2
somewhere	i	2
son	of	14
son	and	5
son	in	5
son	was	5
son	you	3
son	but	2
son	for	2
son	had	2
son	he	2
son	the	2
son	to	2
soon	as	83
soon	after	21
soon	afterwards	16
soon	found	13
soon	be	10
soon	made	6
soon	and	5
soon	have	5
soon	began	4
soon	make	4
soon	saw	4
soon	the	4
soon	came	3
soon	he	3
soon	out	3
soon	see	3
soon	to	3
soon	but	2
soon	cease	2
soon	drew	2
soon	drive	2
soon	enough	2
soon	evident	2
soon	felt	2
sooner	had	5
sooner	or	3
sooner	saw	2
sooner	than	2
sooner	they	2
sorrow	and	4
sorrow	for	2
sorrowful	tone	2
sorrowfully	but	2
sorry	about	500
sorry	to	18
sorry	for	13
sorry	that	6
sorry	indeed	2
sorry	it	2
sorry	said	2
sorry	you	2
sort	of	55
sort	and	4
sort	at	2
sort	from	2
sort	in	2
sort	said	2
sort	to	2
sorts	of	3
soul	of	2
sound	of	17
sound	in	3
sound	and	2
sound	as	2
sound	at	2
sound	which	2
soundly	until	3
sounds	good	500
sounds	great	500
sounds	of	2
soup	beau	2
soup	of	2
source	code	500
source	of	7
sources	of	2
south	and	5
south	east	2
south	she	2
south	they	2
southern	states	2
sovereign	if	2
space	of	3
spare	you	3
spare	time	2
spared	from	2
spared	her	2
sparkled	with	2
speak	to	23
speak	of	14
speak	with	7
speak	she	5
speak	a	4
speak	and	4
speak	for	3
speak	ill	3
speak	so	3
speak	the	3
speak	again	2
speak	as	2
speak	but	2
speak	it	2
speak	on	2
speak	plainly	2
speak	what	2
speak	you	2
speaking	to	11
speaking	of	8
speaking	a	3
speaking	and	2
speaks	of	2
specimen	of	2
speckled	band	5
spectacles	and	3
spectacles	why	2
speech	and	3
speech	of	2
speech	they	2
speech	was	2
speech	with	2
speeches	of	2
spence	munro	2
spend	the	8
spend	a	2
spending	more	2
spent	in	8
spent	the	8
spent	a	2
spent	some	2
spent	there	2
spirit	and	2
spirit	but	2
spirits	were	7
spirits	and	6
spirits	which	2
spite	of	39
spiteful	old	3
splash	of	2
spoiled	by	2
spoke	to	13
spoke	of	10
spoke	and	8
spoke	the	8
spoke	in	5
spoke	a	4
spoke	i	4
spoke	there	4
spoke	but	3
spoke	he	3
spoke	her	3
spoke	she	3
spoke	at	2
spoke	his	2
spoke	it	2
spoke	with	2
spoken	to	7
spoken	of	5
spoken	so	3
spoken	before	2
spoken	in	2
sport	with	2
sprang	from	6
sprang	out	6
sprang	up	4
sprang	to	3
sprang	into	2
spread	his	2
spread	out	2
spreading	out	2
spring	and	3
springing	to	2
square	and	3
square	of	3
squeaky	little	2
st	simon	39
st	clair	23
st	james's	9
st	clair's	4
st	george's	3
st	monica	3
stable	lane	6
stable	boy	3
stage	of	2
staggered	and	2
staggered	to	2
stained	with	2
stains	from	2
stains	upon	2
stair	i	3
stair	and	2
stairs	and	4
stairs	she	3
stairs	the	2
stairs	together	2
stake	and	2
stand	up	5
stand	and	2
stand	in	2
stand	it	2
stand	on	2
standing	in	11
standing	at	4
standing	on	4
standing	a	2
standing	about	2
standing	and	2
standing	beside	2
standing	together	2
standing	upon	2
stands	for	2
stare	at	3
stared	at	5
staring	at	4
stars	that	2
start	and	4
start	for	3
start	at	2
start	in	2
start	that	2
start	upon	2
started	to	8
started	off	7
started	along	4
started	for	4
started	from	3
started	on	3
started	upon	3
started	a	2
started	again	2
started	me	2
startled	by	3
startled	at	2
startled	me	2
state	of	20
state	i	2
state	the	2
state	your	2
statement	is	2
statement	to	2
states	and	2
station	and	3
station	master	3
station	however	2
station	the	2
stay	in	8
stay	at	6
stay	where	5
stay	and	4
stay	with	4
stay	a	2
stay	down	2
stay	here	2
stay	i	2
stay	quietly	2
stay	till	2
stayed	with	3
stayed	only	2
staying	at	4
staying	there	3
staying	with	3
staying	in	2
steel	she	2
step	forward	7
step	into	4
step	in	3
step	was	3
step	and	2
step	backward	2
step	i	2
step	towards	2
step	which	2
stepfather	do	2
stepfather	mr	2
stepped	from	3
stepped	into	2
stepped	upon	2
steps	which	5
steps	of	3
steps	and	2
steps	to	2
steps	upon	2
stick	and	3
stick	in	2
stick	to	2
sticking	out	4
sticking	up	2
stiff	and	2
still	more	12
still	it	7
still	in	6
still	a	4
still	of	4
still	the	4
still	with	4
still	have	3
still	i	3
still	lay	3
still	something	3
still	to	3
still	and	2
still	as	2
still	at	2
still	better	2
still	but	2
still	cherished	2
still	continued	2
still	held	2
still	less	2
still	looked	2
still	on	2
still	puffing	2
sting	them	2
stirring	the	3
stock	of	2
stoke	moran	11
stole	the	2
stone	and	3
stone	floor	2
stone	into	2
stone	is	2
stone	it	2
stoner	and	3
stoner	was	2
stoner	we	2
stood	in	12
stood	upon	8
stood	near	5
stood	up	5
stood	a	4
stood	and	3
stood	at	3
stood	before	3
stood	beside	3
stood	the	3
stood	there	3
stood	with	3
stood	behind	2
stood	by	2
stood	looking	2
stood	out	2
stop	to	3
stop	and	2
stop	at	2
stop	it	2
stop	the	2
stopped	at	6
stopped	short	5
stopped	and	3
stopped	to	3
stopping	in	2
stork	flew	2
story	i	6
story	to	5
story	and	4
story	of	4
story	he	3
story	which	3
story	about	2
story	as	2
story	chapter	2
story	my	2
story	was	2
straight	to	5
straighten	it	2
straightened	out	2
strange	and	8
strange	but	3
strange	creatures	3
strange	land	3
strange	creature	2
strange	experience	2
strange	it	2
strange	people	2
strange	to	2
strange	visitor	2
stranger	and	3
stranger	to	3
stranger	than	2
strangers	and	4
strangest	of	2
straw	and	10
straw	then	2
stream	of	3
stream	and	2
street	and	15
street	a	4
street	but	4
street	that	4
street	i	3
street	in	3
street	it	3
street	sherlock	3
street	the	3
street	we	3
street	with	3
street	at	2
street	by	2
street	rooms	2
street	to	2
street	was	2
street	where	2
street	which	2
streets	of	6
streets	which	4
streets	until	2
strength	of	8
strength	and	2
stretch	of	2
stretched	out	9
stretched	himself	2
strike	him	3
strike	you	3
strike	into	2
striking	resemblance	2
strip	of	3
striving	to	3
stroke	of	2
strong	and	4
strong	for	3
strong	objections	3
strong	an	2
strong	attachment	2
strong	box	2
strong	character	2
strong	enough	2
strong	impression	2
strong	in	2
strong	nature	2
strong	presumption	2
strong	reason	2
strongly	marked	4
strongly	inclined	2
strongly	it	2
struck	her	7
struck	with	7
struck	a	4
struck	me	4
struck	from	3
struck	and	2
struck	at	2
struck	by	2
struck	cold	2
struck	the	2
struggle	and	2
struggle	in	2
stuck	on	2
stuck	up	2
studded	with	2
study	of	6
study	in	5
studying	the	2
stuff	be	2
stuffed	with	15
stuffed	man	5
stuffed	asked	2
stumbled	over	2
stump	of	2
stupid	and	2
stupid	but	2
stupid	things	2
stupidity	in	2
style	and	5
style	of	3
subject	of	17
subject	and	8
subject	to	7
subject	was	7
subject	which	7
subject	in	5
subject	for	3
subject	as	2
subject	at	2
subject	but	2
subject	by	2
subject	i	2
subject	mr	2
subject	the	2
subject	we	2
subject	you	2
subjects	which	3
subjects	and	2
submit	to	3
submitted	to	6
subsisting	between	2
substance	of	3
subtle	and	3
suburban	bank	2
succeed	in	3
succeeded	in	4
succeeded	by	3
success	of	4
success	and	2
success	he	2
success	no	2
success	she	2
success	that	2
successful	and	2
succession	of	3
such	a	234
such	an	52
such	as	33
such	very	8
such	happy	5
such	thing	5
such	nonsense	4
such	terms	4
such	things	4
such	cases	3
such	circumstances	3
such	different	3
such	fun	3
such	i	3
such	were	3
such	amiable	2
such	attention	2
such	confusion	2
such	delicacy	2
such	feelings	2
such	gloomy	2
such	good	2
such	kind	2
such	little	2
sudden	and	3
sudden	change	2
suddenly	upon	4
suddenly	a	3
suddenly	heard	3
suddenly	that	3
suddenly	addressed	2
suddenly	and	2
suddenly	came	2
suddenly	he	2
suddenly	however	2
suddenly	in	2
suddenly	sprang	2
suddenly	the	2
suddenly	there	2
suddenly	to	2
suddenly	you	2
suffer	from	6
suffer	but	3
suffered	no	2
sufficient	to	5
suggest	to	2
suggested	that	4
suggested	the	2
suggested	to	2
suit	me	3
suit	them	3
suit	my	2
suit	of	2
suite	of	2
suited	me	2
suits	you	2
sulkily	and	2
sulky	tone	2
sum	for	4
sum	as	2
sum	i	2
sum	of	2
sum	to	2
summer	the	2
summoned	to	3
summons	to	2
sums	of	2
sun	was	6
sun	and	5
sun	shone	3
sun	that	3
sun	had	2
sun	were	2
sunday	and	2
sunk	upon	4
sunk	in	3
superior	to	10
superior	dancing	3
superior	society	2
supper	and	8
supper	was	2
supply	of	3
supply	the	2
support	and	2
support	herself	2
supported	by	2
suppose	that	18
suppose	there	6
suppose	you	6
suppose	we	5
suppose	he	4
suppose	i	4
suppose	is	4
suppose	it	4
suppose	so	4
suppose	as	3
suppose	him	2
suppose	of	2
suppose	said	2
suppose	she	2
suppose	they	2
suppose	to	2
supposed	that	7
supposed	to	3
supposed	him	2
supposed	it	2
supposing	that	4
supposing	them	2
supposition	of	2
suppressed	by	3
sure	i	26
sure	that	22
sure	of	13
sure	you	13
sure	to	12
sure	she	10
sure	it	8
sure	said	6
sure	but	5
sure	he	5
sure	they	5
sure	and	4
sure	we	4
sure	jane	3
sure	the	3
sure	there	3
sure	a	2
sure	about	2
sure	if	2
sure	it's	2
sure	lizzy	2
sure	was	2
sure	when	2
sure	whether	2
surely	it	3
surely	there	2
surprise	and	9
surprise	of	6
surprise	that	5
surprise	i	4
surprise	the	4
surprise	to	4
surprise	was	4
surprise	at	3
surprise	as	2
surprise	but	2
surprise	do	2
surprise	in	2
surprise	what	2
surprised	to	13
surprised	at	10
surprised	and	6
surprised	by	4
surprised	you	4
surprised	as	3
surprised	but	3
surprised	if	3
surprised	that	3
surprised	her	2
surprised	me	2
surprised	said	2
surrounded	by	2
suspect	him	2
suspected	it	3
suspected	by	2
suspected	there	2
suspecting	that	2
suspense	and	3
suspicion	of	4
suspicion	i	2
suspicions	of	2
suspicions	which	2
sutherland	the	2
swarm	of	3
swear	it	2
sweeping	bow	2
sweet	girl	3
sweet	tempered	2
sweetly	and	2
sweetness	and	3
sweetness	of	3
swept	away	2
swept	the	2
swift	in	2
swiftly	and	3
swim	and	2
swinging	in	3
swore	that	2
swung	his	2
swung	slowly	2
syllable	was	2
sympathy	and	2
symptom	of	4
system	of	3
t	te	8
table	and	22
table	in	6
table	but	5
table	i	5
table	he	4
table	was	4
table	with	4
table	she	3
table	the	3
table	where	3
table	for	2
table	holmes	2
table	it	2
table	of	2
table	on	2
table	set	2
table	then	2
table	there	2
table	they	2
table	this	2
tables	were	3
tail	and	5
tail	i	2
tail	of	2
tail	when	2
tails	in	2
take	care	515
take	the	26
take	it	19
take	a	18
take	place	8
take	this	8
take	my	7
take	you	7
take	me	6
take	no	6
take	your	6
take	him	5
take	his	5
take	some	5
take	an	4
take	any	3
take	her	3
take	leave	3
take	more	3
take	them	3
take	us	3
take	away	2
take	charge	2
take	comfort	2
taken	the	7
taken	to	7
taken	a	6
taken	place	6
taken	in	4
taken	it	4
taken	up	4
taken	from	3
taken	advantage	2
taken	away	2
taken	by	2
taken	into	2
taken	you	2
takes	place	2
takes	the	2
taking	the	8
taking	a	4
taking	her	3
taking	out	3
taking	in	2
taking	orders	2
taking	so	2
taking	you	2
taking	your	2
talents	would	2
tales	of	2
talk	to	507
talk	of	15
talk	about	9
talk	and	4
talk	as	2
talk	in	2
talk	it	2
talk	nonsense	2
talk	on	2
talk	said	2
talk	so	2
talked	of	17
talked	to	7
talked	on	4
talked	and	2
talked	as	2
talked	so	2
talked	with	2
talking	to	16
talking	of	14
talking	together	4
talking	in	3
talking	over	3
talking	with	3
talking	such	2
tall	man	3
tall	tree	3
tall	and	2
tall	as	2
tall	gaunt	2
taller	and	2
taller	by	2
tap	at	2
tapping	at	2
taste	and	4
taste	or	2
taught	me	4
taught	to	2
taught	us	2
te	t	4
tea	and	4
tea	i	3
tea	party	3
tea	the	3
tea	time	3
tea	was	3
tea	things	2
tea	when	2
teach	you	2
tear	them	4
tears	of	3
tears	but	2
tears	i	2
tears	in	2
tears	which	2
teeth	and	3
telescope	and	2
tell	you	60
tell	me	55
tell	us	21
tell	her	13
tell	him	11
tell	the	8
tell	what	6
tell	them	5
tell	but	4
tell	that	4
tell	your	4
tell	a	3
tell	it	3
tell	my	3
telling	her	4
telling	me	3
telling	you	3
telling	them	2
telling	us	2
temper	and	4
temper	to	4
temper	i	3
temper	though	2
temper	was	2
tempered	man	2
tempt	me	2
temptation	of	2
temptation	to	2
tempted	to	3
tempted	by	2
tempted	me	2
ten	minutes	15
ten	thousand	11
ten	miles	8
ten	years	4
ten	days	3
ten	o'clock	3
ten	or	2
ten	to	2
tendency	and	2
tender	of	2
tenderly	flirting	3
terms	of	9
terms	with	3
terms	as	2
terrible	beast	4
terrible	and	3
terrible	who	3
terrible	said	2
terribly	afraid	2
terribly	frightened	2
test	the	500
text	editing	500
than	the	43
than	i	28
than	a	26
than	she	23
than	ever	17
than	to	17
than	his	14
than	once	14
than	that	13
than	you	13
than	any	12
than	her	12
than	usual	12
than	he	11
than	in	10
than	it	10
than	of	8
than	before	7
than	on	7
than	one	7
than	they	7
than	what	7
than	by	6
than	an	5
thank	you	548
thank	god	3
thank	heaven	3
thank	me	3
thanked	him	5
thanked	her	4
thanked	the	3
thanked	them	2
thankful	that	3
thanking	her	2
thanking	you	2
thanks	for	505
thanks	to	4
that	sounds	501
that	i	400
that	he	364
that	the	277
that	she	264
that	it	230
that	you	198
that	is	172
that	they	98
that	there	79
that	we	74
that	was	64
that	his	62
that	her	61
that	my	47
that	mr	45
that	a	41
that	this	40
that	had	37
that	in	36
that	if	35
that	of	34
that	your	29
that	no	27
that's	the	11
that's	all	9
that's	very	4
that's	a	3
that's	right	3
that's	why	3
that's	it	2
that's	not	2
the	project	1000
the	next	594
the	morning	565
the	evening	562
the	new	508
the	application	504
the	meeting	503
the	latest	501
the	message	501
the	email	500
the	file	500
the	interface	500
the	keyboard	500
the	software	500
the	translation	500
the	vibration	500
the	scarecrow	208
the	other	205
the	same	164
the	door	163
the	house	153
the	room	147
the	lion	141
the	first	134
their	own	20
their	heads	18
their	journey	16
their	father	15
their	eyes	10
their	brother	9
their	way	9
their	being	8
their	first	8
their	mother	8
their	arms	7
their	aunt	7
their	faces	7
their	marriage	7
their	mouths	7
their	acquaintance	6
their	hands	6
their	slates	6
their	brother's	5
their	names	5
their	chance	4
their	conversation	4
their	dear	4
their	happiness	4
them	and	75
them	to	64
them	all	35
them	in	30
them	but	25
them	the	25
them	with	23
them	as	21
them	at	20
them	a	19
them	that	18
them	i	17
them	from	15
them	was	15
them	it	12
them	so	12
them	they	12
them	both	11
them	on	11
them	again	10
them	she	10
them	were	10
them	he	9
them	by	8
themselves	and	6
themselves	in	4
themselves	as	2
themselves	for	2
themselves	how	2
themselves	they	2
themselves	to	2
themselves	was	2
themselves	what	2
then	i	64
then	he	53
then	the	44
then	she	30
then	you	24
then	it	22
then	said	18
then	they	17
then	we	15
then	that	13
then	and	12
then	a	11
then	suddenly	11
then	to	10
then	what	10
then	when	9
then	at	8
then	with	8
then	as	7
then	if	7
then	my	7
then	there	7
then	for	6
then	no	6
theories	to	2
there	was	258
there	is	204
there	were	96
there	are	83
there	and	24
there	can	15
there	in	15
there	seemed	13
there	a	12
there	came	11
there	could	11
there	must	11
there	will	11
there	had	10
there	he	10
there	i	10
there	would	10
there	has	9
there	may	9
there	might	9
there	you	7
there	at	6
there	but	6
there	for	6
there's	no	11
there's	a	5
there's	an	2
there's	hardly	2
there's	nothing	2
there's	plenty	2
there's	the	2
therefore	to	10
therefore	i	9
therefore	she	5
therefore	that	5
therefore	you	4
therefore	as	3
therefore	he	3
therefore	in	3
therefore	it	3
therefore	obliged	3
therefore	the	3
therefore	was	3
therefore	we	3
therefore	and	2
therefore	do	2
therefore	if	2
therefore	make	2
these	are	12
these	were	10
these	words	9
these	people	6
these	things	6
these	three	6
these	little	5
these	rooms	4
these	cases	3
these	he	3
these	houses	3
these	i	3
these	in	3
these	strange	3
these	two	3
these	circumstances	2
these	days	2
these	four	2
these	good	2
these	mice	2
these	occasions	2
these	papers	2
these	particulars	2
these	pleasing	2
they	were	242
they	had	115
they	are	77
they	all	45
they	could	44
they	would	37
they	have	32
they	came	28
they	walked	27
they	will	26
they	should	24
they	must	20
they	saw	20
they	did	15
they	may	15
they	entered	14
they	found	14
they	went	14
they	looked	12
they	sat	12
they	might	11
they	reached	11
they	started	11
they	parted	10
they'll	do	2
thick	and	4
thick	that	2
thick	with	2
thick	wood	2
thin	and	4
thin	legs	2
thing	to	12
thing	i	10
thing	for	9
thing	in	8
thing	said	7
thing	that	7
thing	as	6
thing	but	6
thing	was	5
thing	and	4
thing	she	4
thing	a	3
thing	is	3
thing	which	3
thing	you	3
thing	about	2
thing	after	2
thing	alice	2
thing	before	2
thing	it	2
thing	like	2
thing	than	2
thing	up	2
thing	very	2
things	are	8
things	which	7
things	in	6
things	that	6
things	and	5
things	to	5
things	i	4
things	about	3
things	as	3
things	he	3
things	of	3
things	alice	2
things	all	2
things	considered	2
things	for	2
things	had	2
things	let	2
things	may	2
things	said	2
things	there	2
things	were	2
things	when	2
things	you	2
think	it	543
think	that	92
think	of	61
think	i	30
think	you	24
think	so	12
think	she	11
think	watson	10
think	we	8
think	me	7
think	and	6
think	ill	6
think	the	6
think	with	6
think	about	5
think	at	5
think	he	5
think	how	5
think	said	5
think	they	5
think	well	5
think	for	4
think	to	4
think	what	4
thinking	of	12
thinking	it	5
thinking	again	3
thinking	over	3
thinking	that	3
thinking	you	3
thinking	for	2
thinking	i	2
thinking	so	2
thinking	there	2
thinks	that	3
thinks	of	2
third	and	2
third	of	2
third	time	2
thirty	six	3
thirty	nine	2
this	is	584
this	was	47
this	time	41
this	morning	37
this	way	22
this	she	19
this	i	17
this	moment	17
this	matter	15
this	and	14
this	man	14
this	country	13
this	case	12
this	letter	12
this	for	11
this	subject	10
this	gentleman	9
this	the	9
this	very	9
this	young	9
this	fellow	8
this	he	8
this	little	8
this	must	8
those	who	22
those	of	14
those	are	6
those	to	4
those	which	4
those	great	3
those	letters	3
those	hours	2
those	i	2
those	that	2
those	things	2
those	very	2
those	whom	2
those	young	2
though	i	32
though	she	23
though	he	21
though	it	20
though	the	19
though	not	15
though	her	9
though	in	9
though	we	8
though	they	6
though	with	6
though	as	5
though	this	5
though	at	4
though	mrs	4
though	a	3
though	jane	3
though	my	3
though	no	3
though	there	3
though	what	3
though	when	3
though	you	3
though	by	2
thought	it	35
thought	of	32
thought	alice	26
thought	she	20
thought	that	20
thought	i	14
thought	and	11
thought	he	10
thought	the	10
thought	to	8
thought	her	6
thought	elizabeth	5
thought	this	5
thought	a	4
thought	at	4
thought	him	4
thought	oz	4
thought	there	4
thought	they	4
thought	was	4
thought	with	4
thought	you	4
thought	as	3
thought	little	3
thoughtfully	at	2
thoughtfully	for	2
thoughts	were	6
thoughts	and	4
thoughts	she	3
thoughts	at	2
thoughts	it	2
thoughts	let	2
thoughts	that	2
thoughts	to	2
thousand	pounds	21
thousand	a	9
thousand	things	2
thousand	times	2
thousands	of	4
threatened	to	3
three	times	21
three	of	11
three	days	10
three	or	9
three	gardeners	6
three	weeks	6
three	years	6
three	young	6
three	and	5
three	miles	5
three	months	5
three	gems	3
three	in	3
three	legged	3
three	little	3
three	o'clock	3
three	thousand	3
three	blasts	2
three	daughters	2
three	gentlemen	2
three	i	2
three	inches	2
three	minutes	2
three	missing	2
threw	it	6
threw	her	5
threw	open	5
threw	a	4
threw	himself	4
threw	up	3
threw	aside	2
threw	elizabeth	2
threw	myself	2
throat	and	4
throne	room	22
throne	of	2
through	the	118
through	a	7
through	my	7
through	which	6
through	and	5
through	this	5
through	her	4
through	his	4
through	it	4
through	all	3
through	in	3
through	an	2
through	at	2
through	i	2
through	one	2
through	them	2
throughout	the	3
throw	in	3
throw	a	2
throw	any	2
throw	into	2
throw	the	2
throw	them	2
throw	up	2
throwing	open	3
throwing	a	2
throwing	his	2
throwing	out	2
thrown	away	2
thrown	herself	2
thrown	him	2
thrown	open	2
thrown	out	2
thrust	into	2
thrust	them	2
thumb	and	2
thursday	and	2
thus	began	3
thus	much	3
thus	accosted	2
thus	went	2
tide	but	2
tide	of	2
tidings	of	3
tied	and	2
tied	up	2
tigers	and	2
tightly	round	2
till	the	23
till	she	19
till	i	10
till	they	7
till	he	5
till	after	4
till	her	4
till	it	4
till	you	3
till	called	2
till	elizabeth	2
till	his	2
till	its	2
till	morning	2
till	now	2
till	sir	2
till	we	2
till	yesterday	2
time	to	52
time	and	26
time	that	21
time	of	20
time	for	19
time	she	17
time	i	16
time	in	16
time	when	16
time	the	15
time	with	11
time	as	9
time	he	8
time	before	7
time	but	7
time	is	7
time	they	7
time	without	7
time	you	7
time	there	6
time	mr	5
time	so	5
time	ago	4
time	it	4
times	and	8
times	the	3
times	a	2
times	as	2
times	before	2
times	but	2
times	how	2
times	i	2
times	over	2
times	upon	2
timid	voice	3
timidly	but	2
timidly	for	2
tin	woodman	114
tin	and	3
tin	woodman's	3
tin	man	2
tin	the	2
tinsmith	and	2
tint	and	2
tinted	glasses	3
tip	of	3
tipped	badly	2
tipped	over	2
tips	together	3
tired	of	10
tired	and	5
tired	out	2
title	of	2
to	the	823
to	be	744
to	you	626
to	meet	527
to	learn	515
to	discuss	503
to	her	281
to	me	217
to	see	205
to	his	176
to	have	156
to	do	152
to	make	139
to	a	135
to	say	124
to	my	115
to	him	114
to	go	105
to	think	102
to	get	99
to	know	87
to	find	86
to	give	82
to	come	69
tobacco	and	3
together	and	21
together	in	10
together	with	8
together	as	5
together	but	4
together	we	4
together	after	3
together	alice	3
together	at	3
together	for	3
together	she	3
together	that	3
together	the	3
together	to	3
together	before	2
together	by	2
together	elizabeth	2
together	first	2
together	from	2
together	he	2
together	if	2
together	it	2
together	on	2
together	they	2
told	me	30
told	her	23
told	you	22
told	him	13
told	them	10
told	the	7
told	that	6
told	us	6
told	my	4
told	it	3
told	of	3
told	by	2
told	mrs	2
told	so	2
tolerable	but	2
tolerably	well	2
tomorrow	morning	3
tone	of	11
tone	and	9
tone	as	3
tone	but	2
tone	for	2
tone	he	2
tone	that	2
tone	why	2
tones	of	4
tongue	and	2
too	much	59
too	late	11
too	little	9
too	and	7
too	good	7
too	long	7
too	far	5
too	for	5
too	that	5
too	well	5
too	full	4
too	great	4
too	bad	3
too	early	3
too	heavy	3
too	i	3
too	in	3
too	large	3
too	said	3
too	she	3
too	strong	3
too	who	3
too	angry	2
too	busy	2
took	the	32
took	a	22
took	up	11
took	place	10
took	to	10
took	her	9
took	it	8
took	out	8
took	his	6
took	down	5
took	leave	5
took	me	5
took	off	5
took	them	5
took	him	4
took	all	3
took	an	3
took	care	3
took	from	3
took	my	3
took	courage	2
took	hold	2
took	in	2
took	no	2
top	of	25
top	hat	4
top	with	3
top	branches	2
top	then	2
tops	of	2
tore	the	2
tossed	them	2
tossing	aside	2
toto	and	13
toto	had	6
toto	in	6
toto	did	5
toto	jumped	3
toto	ran	3
toto	at	2
toto	ate	2
toto	lay	2
toto	said	2
toto	she	2
toto	up	2
toto	was	2
toto	who	2
toto	would	2
toto's	neck	3
touch	the	5
touch	her	3
touch	of	3
touch	in	2
touched	the	3
touched	his	2
tour	of	2
tour	was	2
toward	the	11
toward	her	4
toward	them	3
toward	evening	2
towards	the	26
towards	her	10
towards	him	8
towards	it	5
towards	mr	5
towards	them	5
towards	a	3
towards	herself	2
towards	me	2
towards	one	2
towards	us	2
towards	whom	2
town	and	10
town	i	5
town	the	5
town	he	4
town	last	4
town	but	3
town	for	3
town	in	3
town	of	3
town	so	3
town	again	2
town	as	2
town	before	2
town	bred	2
town	had	2
town	his	2
town	this	2
town	where	2
trace	it	3
traced	her	2
traces	of	7
traces	in	2
track	which	2
track	you	2
tracks	of	2
trade	and	2
trade	in	2
train	from	4
train	to	4
train	of	2
train	this	2
trap	door	5
trap	at	2
travelers	walked	3
travelers	and	2
travelers	had	2
travelers	passed	2
treacle	said	3
treacle	well	2
treading	on	2
treat	the	2
treat	you	2
treated	with	4
treated	the	3
treated	as	2
treated	her	2
treated	them	2
treated	you	2
treatment	of	3
tree	and	5
tree	in	5
tree	as	2
tree	fell	2
tree	full	2
tree	that	2
tree	trunk	2
trees	and	11
trees	until	3
trees	as	2
trees	had	2
trees	in	2
trees	she	2
trees	that	2
trees	the	2
trees	to	2
trembling	voice	6
trick	of	3
trick	that	2
tried	to	35
tried	the	4
tried	hard	3
trifle	with	4
trifle	and	2
triumph	on	2
trivial	to	2
trotting	along	2
trouble	of	11
trouble	and	5
trouble	but	3
trouble	to	3
trouble	as	2
trouble	in	2
trouble	you	2
trouble	yourself	2
troubled	by	2
troubles	and	2
trousers	and	2
trout	in	2
truck	was	2
true	and	7
true	said	7
true	that	5
true	the	3
true	to	3
true	as	2
true	he	2
true	it	2
truly	as	2
trumpet	and	2
trust	that	7
trust	you	4
trust	him	2
trust	i	2
trust	my	2
trust	they	2
trust	with	2
trusted	that	2
truth	of	7
truth	i	4
truth	he	3
truth	in	3
truth	the	3
truth	and	2
truth	is	2
truth	it	2
truth	she	2
truth	that	2
try	again	501
try	to	14
try	the	8
try	it	6
try	and	2
try	if	2
trying	to	20
tuesday	and	2
tugged	at	2
tumult	of	3
turn	off	500
turn	on	500
turn	to	7
turn	my	4
turn	the	4
turn	and	3
turn	of	3
turn	out	3
turn	round	3
turn	back	2
turn	her	2
turn	in	2
turn	into	2
turn	it	2
turn	our	2
turn	over	2
turn	that	2
turn	them	2
turn	was	2
turn	which	2
turn	you	2
turned	to	17
turned	up	9
turned	and	8
turned	away	8
turned	back	6
turned	out	6
turned	the	6
turned	towards	5
turned	her	4
turned	his	4
turned	over	4
turned	down	3
turned	from	3
turned	in	3
turned	round	3
turned	upon	3
turned	a	2
turned	again	2
turned	into	2
turned	it	2
turned	pale	2
turned	their	2
turner	had	2
turner	i	2
turning	to	17
turning	away	5
turning	in	3
turning	round	3
turning	towards	3
turning	his	2
turtle	said	4
turtle	and	3
turtle	in	3
turtle	replied	3
turtle	went	3
turtle	but	2
turtle	sighed	2
turtle	soup	2
turtle	to	2
turtle's	story	2
tut	tut	5
twelve	and	2
twelve	he	2
twenty	years	7
twenty	four	4
twenty	i	4
twenty	minutes	4
twenty	seven	3
twenty	at	2
twenty	five	2
twenty	one	2
twenty	six	2
twice	and	3
twice	he	3
twice	she	3
twice	been	2
twice	to	2
twinkle	twinkle	5
twinkled	and	2
twinkling	of	2
twins	and	2
twisted	lip	5
twisted	its	2
two	or	22
two	of	19
two	days	15
two	years	13
two	and	6
two	gentlemen	6
two	hours	6
two	men	6
two	sisters	6
two	youngest	6
two	feet	5
two	girls	5
two	ladies	5
two	little	5
two	months	5
two	eldest	4
two	people	4
two	points	4
two	things	4
two	to	4
two	young	4
two	daughters	3
two	elder	3
two	friends	3
twopence	a	2
typewriter	and	2
typing	experience	500
u	s	2
un	important	2
unable	to	24
unacquainted	with	2
unassuming	and	2
uncivil	but	2
uncle	and	29
uncle	henry	13
uncle	is	4
uncle	for	3
uncle	was	3
uncle	at	2
uncle	cried	2
uncle	elias	2
uncle	had	2
uncle	has	2
uncle	i	2
uncle	philips	2
uncle	would	2
uncle's	life	2
uncomfortable	enough	2
uncomfortable	feelings	2
uncomfortable	the	2
uncommon	advantage	2
uncommonly	well	2
unconnected	with	3
uncontrollable	agitation	2
under	the	33
under	his	9
under	a	8
under	such	6
under	my	5
under	this	4
under	your	4
under	her	3
under	it	3
under	any	2
under	obligations	2
under	sentence	2
under	what	2
under	which	2
underneath	so	2
understand	that	22
understand	it	7
understand	the	5
understand	said	4
understand	a	3
understand	by	3
understand	from	3
understand	them	3
understand	and	2
understand	her	2
understand	his	2
understand	how	2
understand	mr	2
understand	where	2
understand	why	2
understand	you	2
understanding	and	4
understanding	to	3
understanding	between	2
understanding	of	2
understood	that	5
understood	from	2
understood	it	2
undo	the	2
undoubtedly	my	2
uneasy	my	2
unexpected	i	2
unfolded	in	2
unfolded	the	2
unfortunate	affair	2
unfortunate	that	2
ungrateful	if	2
unguarded	and	2
unhappy	and	3
unhappy	but	2
unhappy	for	2
unhappy	if	2
unhappy	unless	2
unique	and	2
unite	the	2
united	with	3
united	strength	2
unkind	to	2
unknown	to	7
unless	it	7
unless	you	7
unless	they	4
unless	we	4
unless	he	2
unless	i	2
unless	she	2
unless	the	2
unless	there	2
unlikely	that	3
unlikely	to	2
unlocked	the	2
unlocked	their	2
unlucky	said	2
unlucky	that	2
unpleasant	thing	3
unreasonably	have	2
unsuitable	a	2
until	they	21
until	he	18
until	the	16
until	i	12
until	at	9
until	we	9
until	it	8
until	you	8
until	she	6
until	after	3
until	all	3
until	morning	3
until	dorothy	2
until	his	2
until	there	2
unusually	large	2
unwilling	to	8
unwillingness	to	2
unworthy	of	2
up	and	95
up	to	73
up	the	65
up	in	47
up	with	19
up	his	18
up	a	17
up	her	17
up	i	14
up	at	13
up	for	12
up	my	12
up	into	10
up	as	9
up	on	9
up	by	8
up	from	8
up	so	8
up	again	7
up	like	5
up	all	4
up	any	4
up	but	4
up	of	4
upon	the	233
upon	his	52
upon	my	44
upon	her	39
upon	it	37
upon	a	29
upon	me	24
upon	their	16
upon	your	15
upon	him	13
upon	which	10
upon	this	9
upon	our	8
upon	you	7
upon	its	6
upon	an	4
upon	record	4
upon	them	4
upon	us	4
upon	all	3
upon	any	3
upon	such	3
upon	as	2
upon	business	2
upper	lip	2
upper	part	2
upper	window	2
upset	the	2
upstairs	and	4
upstairs	to	3
upstairs	in	2
upstairs	said	2
upstairs	together	2
upstairs	with	2
upward	and	2
upward	to	2
urged	against	2
us	go	502
us	to	24
us	and	23
us	in	17
us	all	16
us	the	16
us	i	12
us	that	11
us	as	8
us	we	8
us	with	8
us	a	7
us	what	7
us	but	6
us	for	6
us	if	6
us	of	6
us	said	6
us	there	6
us	who	6
us	again	5
us	he	5
us	at	4
us	both	4
use	of	15
use	to	13
use	it	7
use	the	7
use	in	6
use	and	3
use	denying	2
use	her	2
use	my	2
use	now	2
use	them	2
use	your	2
used	to	44
used	it	3
used	the	3
used	up	3
used	by	2
useful	to	3
useful	and	2
useless	to	3
using	it	2
using	the	2
usual	to	4
usual	and	3
usual	about	2
usual	but	2
usual	cheerfulness	2
usual	employments	2
usual	i	2
usually	in	2
utmost	civility	2
utmost	politeness	2
utter	a	3
utter	amazement	2
utter	the	2
uttered	the	2
v	the	4
v	advice	2
vacuous	face	2
vague	and	3
vague	feeling	3
vain	did	3
vain	and	2
vain	for	2
valley	mystery	2
valuable	than	2
value	but	2
value	for	2
value	he	2
vanished	into	3
vanished	away	2
vanity	and	2
vanity	had	2
vanity	in	2
vanity	she	2
vanity	was	2
varied	the	2
variety	of	7
vast	deal	2
veins	stood	2
velvet	and	2
ventilator	and	3
ventilator	is	2
venture	to	6
ventured	to	9
verdict	of	3
verdict	the	2
verge	of	2
verses	on	2
very	much	563
very	well	57
very	good	38
very	little	26
very	glad	18
very	kind	17
very	soon	17
very	great	16
very	likely	16
very	few	12
very	different	11
very	often	11
very	ill	10
very	long	10
very	pretty	10
very	bad	9
very	day	9
very	hard	9
very	sorry	9
very	agreeable	8
very	carefully	8
very	far	8
very	fine	7
very	interesting	7
vessel	which	2
vexation	and	6
vexation	she	2
vexed	to	3
vexed	and	2
vexed	her	2
vexed	that	2
vi	the	5
vi	pig	2
victoria	street	2
view	of	11
view	but	2
view	it	2
view	the	2
views	of	4
views	were	2
vii	the	4
vii	a	2
viii	the	6
village	and	2
village	of	2
violation	of	2
violence	of	4
violence	and	2
violence	that	2
violence	upon	2
violent	start	3
violent	hurry	2
violently	in	3
violet	hunter	2
virtue	in	2
virtue	she	2
visible	in	2
visible	to	2
visit	to	13
visit	and	6
visit	was	6
visit	her	3
visit	him	3
visit	in	3
visit	the	3
visit	them	3
visit	but	2
visit	would	2
visited	them	2
visitor	had	3
visitor	the	3
visitor	and	2
visitors	and	2
visitors	in	2
visitors	were	2
visits	to	2
voice	and	16
voice	of	10
voice	that	7
voice	to	6
voice	i	5
voice	was	4
voice	which	4
voice	are	3
voice	but	3
voice	in	3
voice	she	3
voice	at	2
voice	mrs	2
voice	said	2
voice	the	2
voice	what	2
voice	you	2
volume	and	2
volume	from	2
volume	of	2
voluntarily	to	2
vouch	for	3
wagged	his	2
waistcoat	pocket	3
wait	for	8
wait	a	5
wait	in	5
wait	on	5
wait	till	4
wait	upon	3
wait	and	2
wait	outside	2
wait	until	2
waited	for	6
waited	in	4
waited	on	3
waited	patiently	3
waited	a	2
waited	i	2
waited	till	2
waited	to	2
waited	until	2
waited	upon	2
waiting	for	21
waiting	in	4
waiting	on	4
waiting	at	3
waiting	outside	3
waiting	then	3
waiting	to	3
waiting	maid	2
wake	up	3
walk	to	10
walk	and	7
walk	in	4
walk	the	4
walk	with	4
walk	by	3
walk	of	3
walk	up	3
walk	a	2
walk	after	2
walk	along	2
walk	as	2
walk	into	2
walk	it	2
walk	out	2
walk	that	2
walk	through	2
walk	when	2
walked	along	9
walked	on	9
walked	up	9
walked	away	7
walked	towards	7
walked	off	6
walked	slowly	6
walked	down	5
walked	into	5
walked	to	5
walked	back	4
walked	over	4
walked	with	4
walked	about	3
walked	across	3
walked	boldly	3
walked	through	3
walked	here	2
walked	in	2
walked	quietly	2
walked	round	2
walked	swiftly	2
walking	about	5
walking	with	5
walking	through	4
walking	to	4
walking	in	3
walking	and	2
walking	into	2
walking	some	2
walking	the	2
walking	together	2
walking	up	2
walking	was	2
wall	and	6
wall	the	3
wall	at	2
walls	were	4
walls	and	3
walls	of	2
wander	about	2
wandered	about	4
wandered	through	2
want	to	1034
want	of	24
want	him	5
want	you	5
want	your	5
want	a	4
want	he	2
want	this	2
wanted	to	16
wanted	in	2
wanted	me	2
wanted	only	2
wanted	she	2
wanted	the	2
wanting	in	3
wanting	me	2
wants	him	3
wants	and	2
wants	you	2
warmth	and	2
warmth	of	2
warn	me	3
warn	you	2
warned	against	2
warning	or	2
was	a	330
was	not	206
was	the	163
was	in	97
was	to	79
was	very	79
was	no	78
was	so	78
was	now	52
was	at	49
was	quite	45
was	only	39
was	that	37
was	an	36
was	all	35
was	as	35
was	too	33
was	going	30
was	still	30
was	of	27
was	soon	27
was	it	23
was	nothing	23
was	over	23
wasn't	a	2
wasn't	very	2
watch	chain	2
watch	out	2
watch	to	2
watch	you	2
watched	the	8
watched	her	3
watching	the	9
watching	me	3
watching	them	2
water	and	10
water	the	3
water	she	2
water	they	2
water	was	2
waterloo	bridge	3
watson	said	13
watson	that	11
watson	he	9
watson	i	6
watson	you	5
watson	and	4
watson	we	4
watson	for	3
watson	before	2
wave	of	2
waved	his	3
waving	his	2
waving	its	2
way	to	53
way	of	27
way	and	19
way	i	19
way	in	15
way	you	10
way	that	9
way	out	8
way	the	8
way	but	7
way	for	7
way	into	6
way	with	6
way	as	5
way	down	5
way	he	5
way	home	5
way	off	5
way	so	5
way	at	4
way	back	4
way	said	4
way	through	4
way	up	4
ways	of	3
ways	he	2
we	are	582
we	can	536
we	meet	506
we	need	503
we	have	90
we	shall	85
we	were	68
we	must	56
we	had	47
we	may	37
we	will	28
we	should	24
we	do	21
we	could	16
we	all	13
we	cannot	13
we	know	12
we	went	12
we	heard	9
we	both	8
we	found	8
we	sat	8
we	came	7
we	got	7
weak	and	4
wealth	and	2
weapon	i	2
wear	it	2
wear	out	2
wear	spectacles	2
wear	the	2
wearing	a	2
weary	and	3
weary	eyes	2
weather	and	3
weather	was	2
wedding	clothes	5
wedding	the	3
wedding	day	2
wedding	i	2
wedding	it	2
wedding	my	2
wedding	took	2
week	and	9
week	to	4
week	after	3
week	he	3
week	i	3
week	in	3
week	or	3
week	she	3
week	at	2
week	of	2
week	they	2
week	you	2
weeks	and	4
weeks	before	3
weeks	on	3
weeks	passed	3
weeks	elapsed	2
weeks	i	2
weeks	with	2
weight	of	3
weight	and	2
weight	in	2
welcome	to	3
welcomed	her	3
welfare	and	2
welfare	of	2
well	as	59
well	i	41
well	and	23
well	to	21
well	said	18
well	then	17
well	that	15
well	it	13
well	he	12
well	but	11
well	known	11
well	she	10
well	the	9
well	there	9
well	of	8
well	you	8
well	enough	7
well	perhaps	6
well	when	6
well	at	5
well	dressed	5
well	if	5
well	we	5
well	with	5
went	on	60
went	to	45
went	away	25
went	back	15
went	into	9
went	out	8
went	down	7
went	in	7
went	off	7
went	up	7
went	upstairs	5
went	by	4
went	and	3
went	as	3
went	alice	2
went	along	2
went	at	2
went	but	2
went	first	2
went	for	2
went	home	2
went	straight	2
went	the	2
went	there	2
were	all	54
were	to	52
were	not	43
were	the	38
were	in	33
were	at	20
were	of	19
were	so	19
were	very	16
were	no	15
were	it	13
were	a	12
were	always	12
were	engaged	9
were	many	9
were	quite	9
were	gone	8
were	just	8
were	now	8
were	two	8
were	as	7
were	going	7
were	much	7
were	over	7
west	and	6
west	i	4
west	end	2
west	had	2
west	the	2
west	were	2
west	who	2
wharf	and	2
what	is	581
what	do	548
what	you	545
what	i	93
what	he	59
what	she	51
what	a	46
what	was	42
what	it	32
what	they	30
what	to	27
what	can	26
what	had	26
what	are	24
what	the	24
what	did	23
what	could	22
what	has	18
what	will	17
what	we	15
what	would	15
what	shall	13
what	have	10
what	sort	9
what's	in	2
what's	the	2
whatever	of	6
whatever	he	5
whatever	might	3
whatever	she	3
whatever	bears	2
whatever	happened	2
whatever	i	2
whatever	it	2
whatever	may	2
whatever	on	2
whatever	there	2
whatever	you	2
wheeler	which	2
wheels	of	3
when	will	501
when	can	500
when	i	142
when	she	107
when	the	107
when	he	103
when	they	72
when	you	62
when	we	27
when	it	23
when	a	19
when	dorothy	17
when	mr	17
when	my	14
when	all	10
when	her	10
when	there	9
when	at	7
when	your	6
when	mrs	5
when	suddenly	5
when	did	4
when	elizabeth	4
when	first	4
whence	he	2
whence	it	2
whenever	she	11
whenever	they	4
whenever	i	3
whenever	any	2
whenever	he	2
whenever	it	2
whenever	there	2
where	are	512
where	is	512
where	the	45
where	she	29
where	he	27
where	i	20
where	they	17
where	you	15
where	it	11
where	we	11
where	a	8
where	there	8
where	did	7
where	dorothy	7
where	to	6
where	her	5
where	all	4
where	mr	4
where	does	3
where	boots	2
where	can	2
where	have	2
where	my	2
where	no	2
where's	the	2
whereupon	the	2
wherever	you	4
wherever	he	2
wherever	she	2
wherever	they	2
whether	he	23
whether	i	13
whether	the	12
whether	she	11
whether	it	8
whether	you	8
whether	they	4
whether	any	3
whether	her	3
whether	in	3
whether	to	3
whether	we	3
whether	all	2
whether	anything	2
whether	these	2
whether	you're	2
which	i	146
which	he	112
which	was	88
which	she	72
which	had	53
which	the	46
which	is	45
which	you	43
which	were	30
which	it	27
which	we	27
which	are	24
which	would	24
which	has	23
which	her	20
which	a	17
which	might	17
which	they	17
which	must	16
which	led	15
which	mr	15
which	may	14
which	have	12
which	seemed	12
while	the	34
while	she	27
while	he	19
while	i	18
while	his	10
while	they	8
while	you	7
while	her	5
while	in	5
while	mrs	5
while	to	5
while	a	4
while	dorothy	3
while	holmes	3
while	sir	3
while	toto	3
while	all	2
while	elizabeth	2
while	even	2
while	it	2
while	mr	2
while	there	2
while	we	2
whirled	around	2
whirling	through	2
whiskers	and	3
whiskers	came	2
whiskers	for	2
whiskers	led	2
whiskers	was	2
whisper	that	3
whisper	to	2
whispered	holmes	3
whispered	in	3
whispered	something	2
whispered	to	2
whispering	to	2
whistle	and	2
white	rabbit	22
white	and	5
white	kid	5
white	as	3
white	frost	3
white	one	3
white	with	3
white	but	2
white	cloth	2
white	the	2
white	to	2
whitewashed	corridor	2
whither	he	2
whiting	said	2
who	had	96
who	was	81
who	is	56
who	has	33
who	are	32
who	would	23
who	were	22
who	could	20
who	have	18
who	will	9
who	came	8
who	can	8
who	did	8
who	seemed	8
who	live	7
who	lives	7
who	may	7
who	i	6
who	knew	6
who	do	5
who	entered	5
who	in	5
who	it	5
who	lived	5
whole	party	19
whole	of	18
whole	family	6
whole	house	5
whole	thing	4
whole	affair	3
whole	course	3
whole	life	3
whole	place	3
whole	to	3
whole	business	2
whole	day	2
whole	evening	2
whole	i	2
whole	matter	2
whole	morning	2
whole	pack	2
whole	she	2
whole	story	2
whole	they	2
whole	winter	2
wholly	engrossed	2
wholly	unexpected	2
wholly	without	2
whom	i	27
whom	he	26
whom	she	16
whom	they	8
whom	you	7
whom	the	6
whom	it	5
whom	we	4
whom	his	3
whom	had	2
whom	however	2
whom	one	2
whom	there	2
whose	name	5
whose	character	3
whose	affection	2
whose	good	2
whose	knowledge	2
whose	manners	2
whose	own	2
whose	very	2
why	should	25
why	i	22
why	did	18
why	do	12
why	he	10
why	is	7
why	it	7
why	she	7
why	what	7
why	not	6
why	you	6
why	said	5
why	all	4
why	does	4
why	are	3
why	because	3
why	don't	3
why	indeed	3
why	that	3
why	with	3
why	asked	2
why	could	2
why	didn't	2
why	if	2
wicked	witch	60
wicked	and	3
wicked	creature	2
wicked	woman	2
wickedness	of	2
wide	awake	2
wide	but	2
widely	different	3
widow	of	2
widower	and	3
wife	and	10
wife	was	6
wife	as	5
wife	i	4
wife	is	4
wife	of	4
wife	has	3
wife	he	3
wife	that	3
wife	to	3
wife	died	2
wife	in	2
wife	it	2
wife	might	2
wife	received	2
wife	the	2
wife	what	2
wife	would	2
wife	you	2
wild	beasts	4
wild	beast	3
wild	crows	3
wildcat	and	2
will	you	542
will	send	503
will	be	144
will	not	109
will	have	26
will	do	23
will	find	22
will	go	17
will	make	17
will	never	17
will	give	15
will	take	13
will	excuse	12
will	soon	11
will	tell	9
will	i	8
will	carry	7
will	leave	7
will	of	7
will	see	7
will	allow	6
will	come	6
will	help	6
will	probably	6
william	and	7
william	lucas	7
william	lucas's	3
william	the	3
william	was	3
william	did	2
william	morris	2
william	to	2
willing	to	13
willingness	to	2
wilson	said	2
wilson	you	2
winchester	at	2
winchester	to	2
wind	and	5
wind	had	2
winding	stair	2
winding	up	2
window	and	18
window	he	3
window	i	3
window	is	3
window	the	3
window	we	3
window	a	2
window	as	2
window	at	2
window	could	2
window	hand	2
window	of	2
window	she	2
window	so	2
window	sure	2
window	that	2
window	there	2
window	to	2
window	was	2
window	when	2
window	with	2
windows	in	3
windows	of	3
windows	were	3
windows	and	2
windows	this	2
windows	to	2
wing	of	2
winged	monkeys	30
winged	monkey	2
wink	at	3
wink	of	3
winking	at	3
winter	and	4
winter	i	2
wired	to	2
wise	and	3
wisely	and	2
wisely	resolved	2
wisely	said	2
wisest	and	4
wisest	man	2
wish	to	54
wish	of	24
wish	you	20
wish	i	18
wish	for	9
wish	it	5
wish	that	5
wish	him	4
wish	me	4
wish	now	3
wish	the	3
wish	a	2
wish	and	2
wish	at	2
wish	his	2
wish	so	2
wish	they	2
wish	us	2
wish	when	2
wish	with	2
wished	to	23
wished	for	6
wished	it	5
wished	him	4
wished	them	3
wished	her	2
wished	that	2
wished	was	2
wishes	to	10
wishes	and	6
wishes	for	4
wishes	of	4
wishes	which	3
wishes	it	2
wishes	that	2
wishes	upon	2
wishing	to	5
wishing	her	2
wishing	him	2
wishing	them	2
wit	and	2
wit's	end	4
witch	of	30
witch	and	10
witch	had	8
witch	was	8
witch	said	4
witch	is	3
witch	but	2
witch	dorothy	2
witch	grants	2
witch	in	2
witch	looked	2
witch	then	2
witch	who	2
witch's	kiss	2
witches	and	3
witches	were	3
witches	of	2
with	you	562
with	a	341
with	the	330
with	her	132
with	his	117
with	him	93
with	me	59
with	an	53
with	them	48
with	all	39
with	my	36
with	such	36
with	some	30
with	it	28
with	great	27
with	their	25
with	one	24
with	which	24
with	mr	23
with	your	23
with	us	21
with	this	18
with	no	16
with	its	14
withdrawn	he	2
withdrew	to	2
withheld	by	2
within	a	20
within	the	18
within	my	4
within	and	3
within	ten	3
within	that	3
within	view	3
within	an	2
within	doors	2
within	five	2
within	her	2
within	his	2
within	then	2
without	a	26
without	any	20
without	being	16
without	some	7
without	the	7
without	having	6
without	knowing	6
without	saying	6
without	success	6
without	her	4
without	interruption	4
without	much	4
without	waiting	4
without	an	3
without	bringing	3
without	either	3
without	even	3
without	once	3
without	opening	3
without	speaking	3
without	anger	2
without	attempting	2
without	attending	2
without	calling	2
witness	it	5
witness	i	4
witness	of	3
witness	said	2
witness	was	2
wizard	and	5
wizard	of	4
wizard	was	3
wizard	i	2
wizard	so	2
wizard	the	2
wolves	and	3
woman	who	10
woman	and	8
woman	i	8
woman	of	8
woman	was	7
woman	but	6
woman	had	5
woman	in	5
woman	she	5
woman	whose	5
woman	with	5
woman	as	4
woman	for	3
woman	has	3
woman	it	3
woman	may	3
woman	there	3
woman	to	3
woman	whom	3
woman	about	2
woman	can	2
woman	could	2
woman	gave	2
woman	much	2
woman's	instinct	2
woman's	quick	2
women	and	3
women	are	3
women	in	3
women	of	3
women	who	3
women	but	2
women	have	2
women	i	2
won	and	3
won't	you	15
won't	be	3
won't	do	3
won't	have	2
won't	it	2
won't	said	2
won't	talk	2
wonder	that	11
wonder	what	10
wonder	at	8
wonder	if	7
wonder	and	6
wonder	how	4
wonder	i	3
wonder	who	3
wonder	for	2
wonder	she	2
wonder	tales	2
wondered	at	4
wondered	greatly	2
wonderful	wizard	5
wonderful	adventures	2
wonderful	city	2
wonderful	place	2
wonderful	power	2
wondering	what	4
wondering	how	2
wondering	whether	2
wonders	of	2
wood	and	4
wood	chopper	2
wood	dorothy	2
wood	for	2
wood	which	2
wood	work	2
wooden	chair	4
wooden	leg	3
woodman	and	26
woodman	i	8
woodman	had	6
woodman	was	6
woodman	were	5
woodman	but	4
woodman	for	4
woodman	so	4
woodman	who	4
woodman	began	3
woodman	it	3
woodman	that	3
woodman	the	3
woodman	when	3
woodman	you	3
woodman	as	2
woodman	at	2
woodman	came	2
woodman	caught	2
woodman	chopped	2
woodman	could	2
woodman	entered	2
woodman	followed	2
woodman	lay	2
woodman's	breast	2
woods	and	4
woods	to	3
woody	hills	2
wooing	and	2
word	i	9
word	and	8
word	of	7
word	about	6
word	for	6
word	to	5
word	from	4
word	that	4
word	with	4
word	said	3
word	the	3
word	after	2
word	but	2
word	he	2
word	is	2
word	or	2
word	without	2
words	and	9
words	to	9
words	of	8
words	with	5
words	i	4
words	it	4
words	were	4
words	as	3
words	or	3
words	the	3
words	you	3
words	a	2
words	but	2
words	came	2
words	drink	2
words	have	2
words	he	2
words	out	2
words	so	2
words	which	2
wore	a	3
wore	in	2
wore	the	2
work	and	9
work	of	7
work	at	4
work	in	4
work	the	4
work	as	3
work	is	3
work	it	3
work	to	3
work	upon	3
work	with	3
work	for	2
work	hard	2
work	he	2
work	on	2
work	out	2
work	said	2
work	so	2
work	very	2
work	your	2
worked	hard	2
worked	on	2
worked	up	2
working	on	500
working	hypothesis	2
working	upon	2
works	well	500
works	and	2
world	and	13
world	to	6
world	i	5
world	of	5
world	for	4
world	in	4
world	is	4
world	she	4
world	but	3
world	has	3
world	that	3
world	you	3
world	did	2
world	he	2
world	his	2
world	how	2
world	if	2
world	must	2
world	the	2
worn	out	2
worry	about	3
worse	for	3
worse	of	3
worse	off	3
worse	than	3
worse	and	2
worse	things	2
worst	of	4
worth	a	3
worth	while	3
worth	an	2
worth	hearing	2
worth	knowing	2
worth	of	2
worth	the	2
worth	your	2
worthy	of	3
would	like	512
would	you	512
would	be	195
would	have	137
would	not	132
would	go	20
would	never	19
would	give	17
would	do	16
would	make	15
would	take	11
would	come	10
would	bring	8
would	certainly	8
would	i	8
would	always	7
would	happen	7
would	probably	7
would	rather	7
would	think	7
would	call	6
would	hardly	6
would	now	6
would	only	6
wouldn't	be	3
wouldn't	have	3
wouldn't	it	2
wow	wow	4
wreck	and	2
wretched	as	2
wrist	and	4
write	to	9
write	again	6
write	for	3
write	a	2
write	in	2
write	so	2
write	with	2
writer	was	2
writer	were	2
writing	and	5
writing	i	2
writing	is	2
writing	very	2
written	in	8
written	to	8
written	a	5
written	and	3
written	the	3
written	about	2
written	by	2
written	on	2
written	solely	2
written	with	2
wrong	and	5
wrong	but	3
wrong	in	3
wrong	he	2
wrong	said	2
wrong	scent	2
wrong	to	2
wrote	to	5
wrote	again	4
wrote	the	3
wrote	and	2
wrote	down	2
wrote	it	2
wrote	me	2
x	the	6
xi	the	4
xi	who	2
xii	the	4
xii	alice's	2
xiii	the	2
xiv	the	2
xix	attacked	2
xv	the	2
xvi	the	3
xvii	how	2
xviii	away	2
xx	the	2
xxi	the	2
xxii	the	2
xxiv	home	2
yard	and	4
yard	with	2
yards	of	3
yards	from	2
yards	off	2
yards	or	2
yawn	and	2
yawned	and	2
year	and	9
year	ago	4
year	i	3
year	old	3
year	the	3
year	after	2
year	but	2
year	from	2
year	in	2
year	or	2
year	so	2
year	that	2
year	which	2
years	ago	22
years	and	11
years	of	10
years	old	8
years	that	5
years	i	4
years	at	3
years	before	3
years	older	3
years	the	3
years	younger	3
years	back	2
years	has	2
years	he	2
years	in	2
years	it	2
years	longer	2
years	my	2
years	since	2
years	there	2
yelled	with	2
yellow	brick	16
yellow	light	5
yellow	and	3
yellow	backed	2
yellow	bricks	2
yellow	castle	2
yes	i	28
yes	sir	19
yes	it	16
yes	but	13
yes	and	12
yes	he	10
yes	said	8
yes	there	8
yes	that	7
yes	you	6
yes	indeed	5
yes	she	5
yes	the	5
yes	they	5
yes	of	4
yes	very	4
yes	answered	3
yes	miss	3
yes	my	3
yes	replied	3
yes	we	3
yes	all	2
yes	certainly	2
yes	her	2
yesterday	morning	3
yesterday	and	2
yesterday	evening	2
yet	i	20
yet	it	11
yet	the	10
yet	you	8
yet	there	7
yet	be	6
yet	he	6
yet	said	5
yet	she	5
yet	and	4
yet	more	4
yet	a	3
yet	but	3
yet	had	3
yet	his	3
yet	if	3
yet	what	3
yet	as	2
yet	for	2
yet	how	2
yet	in	2
yet	not	2
yet	returned	2
yet	so	2
you	later	1000
you	have	751
you	are	730
you	think	551
you	mean	526
you	the	524
you	come	520
you	like	519
you	want	516
you	please	512
you	very	508
you	doing	505
you	help	501
you	tomorrow	501
you	soon	500
you	will	195
you	know	139
you	must	119
you	to	89
you	may	85
you	can	78
you	and	76
you	see	72
you	would	66
you'd	better	5
you'll	be	3
you'll	find	2
you'll	see	2
you're	a	5
you're	mad	3
you're	looking	2
you've	had	2
you've	no	2
you've	seen	2
young	man	49
young	lady	38
young	ladies	32
young	men	13
young	woman	10
young	man's	6
young	mccarthy	6
young	and	5
young	lady's	5
young	women	5
young	person	4
young	gentleman	3
young	mccarthy's	3
young	people	3
young	she	3
young	couple	2
young	cousin	2
young	girl	2
young	he	2
young	in	2
young	to	2
younger	sisters	8
younger	than	5
younger	girls	4
younger	son	4
younger	daughters	2
younger	miss	2
younger	ones	2
youngest	girls	3
youngest	of	3
youngest	daughters	2
your	help	1004
your	name	508
your	success	501
your	own	30
your	majesty	28
your	sister	25
your	father	24
your	uncle	16
your	mother	14
your	son	12
your	opinion	11
your	pardon	10
your	case	9
your	advice	8
your	daughter	8
your	hair	8
your	head	8
your	house	8
your	room	8
your	family	7
your	friend	7
your	ladyship	7
your	time	7
your	feelings	6
yours	etc	6
yours	i	4
yours	faithfully	3
yours	and	2
yours	he	2
yours	miss	2
yours	now	2
yours	oh	2
yours	till	2
yourself	and	9
yourself	in	8
yourself	to	8
yourself	i	6
yourself	or	5
yourself	that	4
yourself	for	3
yourself	out	3
yourself	the	3
yourself	alone	2
yourself	as	2
yourself	but	2
yourself	he	2
yourself	said	2
yourself	sir	2
yourself	uneasy	2
yourself	you	2
yourself	your	2
youth	and	6
youth	as	2
youth	said	2
